Player,Team,Salary,Salary_Per_Game,TS%,OWS,PPG,APG,ORPG,DRPG,Steals_Blocks,DWS,Games_Played,Minutes_Per_Game,PER,TS%_Score,OWS_Score,PPG_Score,APG_Score,ORPG_Score,DRPG_Score,Steals_Blocks_Score,DWS_Score,Games_Played_Score,Minutes_Per_Game_Score,PER_Score,OVS,DVS,AVS,Overall_Player_Score,Salary_Per_Game_100K,Value_Per_Money,Adjusted_Value,Adjusted_Value_030,Adjusted_Value_020,Final_Value_Score
A.J. Green,MIL,10044644,122495.65853658537,0.627,2.0,10.4,1.9,0.4,2.4,0.6,0.4,78.0,29.1,9.4,92.61447562776956,42.5531914893617,43.51464435146444,29.230769230769226,14.285714285714288,38.095238095238095,26.08695652173913,12.121212121212123,97.5,86.09467455621302,43.11926605504588,44.439758997015836,25.434468912729784,75.5713135370863,47.317426730379715,1.2249565853658537,38.627839790948656,42.752426586815616,44.52305017856025,45.43567443053835,44.52305017856025
AJ Johnson,MEM,3237120,39477.07317073171,0.413,-1.0,3.3,1.0,0.3,0.9,0.30000000000000004,0.1,48.0,9.5,5.6,61.00443131462333,-21.27659574468085,13.807531380753138,15.384615384615385,10.714285714285715,14.285714285714288,13.043478260869568,3.0303030303030307,60.0,28.10650887573965,25.688073394495408,15.926853609919345,10.119831858962295,37.93152742341169,20.55386835864165,0.3947707317073171,52.06532984284226,32.71305451404739,27.16377263466459,24.752814166643113,27.16377263466459
Aaron Gordon,DEN,33658037,410463.8658536585,0.62,2.4,16.2,2.7,1.4,4.4,0.8999999999999999,0.7,36.0,27.9,18.5,91.5805022156573,51.06382978723404,67.78242677824268,41.53846153846154,50.0,69.84126984126985,39.130434782608695,21.21212121212121,45.0,82.54437869822485,84.86238532110092,60.39304406391911,43.39460861199992,70.80225467310858,57.736339193023426,4.104638658536586,14.06611982103389,28.497829129899046,37.797821033790555,43.5305603314475,37.797821033790555
Aaron Nesmith,IND,11000000,134146.34146341463,0.554,0.1,13.8,1.9,1.1,3.1,1.1,0.6,45.0,29.7,10.8,81.83161004431315,2.127659574468085,57.74058577405859,29.230769230769226,39.28571428571429,49.20634920634921,47.82608695652175,18.181818181818183,56.25,87.86982248520711,49.54128440366973,42.043267781864664,38.40475144822972,64.55370229629229,47.55930258275707,1.3414634146341464,35.45329828896436,41.06256373975692,43.547359596194596,44.84558677797548,43.547359596194596
Aaron Wiggins,ATL,9224300,112491.46341463414,0.538,-0.4,9.4,1.7,0.6,2.4,1.3,2.5,65.0,21.8,11.7,79.4682422451994,-8.51063829787234,39.33054393305439,26.153846153846157,21.42857142857143,38.095238095238095,56.52173913043479,75.75757575757575,81.25,64.49704142011835,53.669724770642205,31.57411309255981,56.79151766108288,66.47225539692019,50.61747333716576,1.1249146341463414,44.99672401859862,47.72442224135586,48.86125220583992,49.43978226666788,48.86125220583992
Ace Bailey,UTA,9523080,116135.12195121951,0.533,-0.4,13.8,1.8,1.4,2.8,1.5,0.3,72.0,27.6,11.6,78.72968980797637,-8.51063829787234,57.74058577405859,27.692307692307693,50.0,44.44444444444444,65.21739130434783,9.090909090909092,90.0,81.65680473372781,53.21100917431192,41.13038899529406,39.58424827990046,74.95593796934658,50.75236584427599,1.161351219512195,43.70113449882424,47.09496752195758,48.52518701160098,49.256503030627435,48.52518701160098
Adem Bona,PHI,2296271,28003.30487804878,0.638,1.4,4.8,0.5,1.8,2.5,1.6,1.5,71.0,17.4,12.8,94.23929098966026,29.78723404255319,20.0836820083682,7.6923076923076925,64.28571428571429,39.682539682539684,69.56521739130436,45.45454545454546,88.75,51.4792899408284,58.71559633027523,43.21764580372072,51.56743417612984,66.31496209036789,52.985768736333966,0.2800330487804878,189.2125553290263,100.12778185236395,77.62407768533299,68.34667350017214,77.62407768533299
Adou Thiero,LAL,2150917,26230.69512195122,0.578,0.1,1.9,0.4,0.4,0.8,0.4,0.2,25.0,6.0,10.7,85.37666174298374,2.127659574468085,7.949790794979079,6.153846153846154,14.285714285714288,12.698412698412701,17.39130434782609,6.060606060606061,31.25,17.751479289940832,49.08256880733944,23.17873451039827,12.050107702281617,32.69468269909343,22.249785852247157,0.2623069512195122,84.82347017036301,43.44311276295762,33.24167471960613,29.07795602610618,33.24167471960613
Ajay Mitchell,OKC,2850000,34756.09756097561,0.585,2.2,13.6,3.6,0.7,2.6,1.5,2.6,57.0,25.8,16.8,86.410635155096,46.808510638297875,56.903765690376574,55.38461538461539,25.0,41.26984126984127,65.21739130434783,78.7878787878788,71.25,76.33136094674558,77.06422018348624,54.10150537367717,61.75837045402263,74.88186037674394,62.93894600191466,0.34756097560975613,181.08749375989478,106.75886844368516,86.41918445071772,77.75230348342875,86.41918445071772
Al Horford,GSW,6822000,83195.12195121951,0.554,0.8,8.3,2.6,1.0,3.9,1.8,1.3,45.0,21.5,14.7,81.83161004431315,17.02127659574468,34.728033472803354,40.0,35.714285714285715,61.904761904761905,78.26086956521739,39.3939393939394,56.25,63.609467455621306,67.43119266055045,41.85904116542938,59.8531902879729,62.43022003872392,54.14840552908254,0.8319512195121951,65.08603420382246,59.36585697476552,57.22111471524168,56.17797755336055,57.22111471524168
Alex Caruso,OKC,19550160,238416.58536585365,0.54,0.3,6.2,2.0,0.5,2.3,1.6,2.2,56.0,18.2,12.8,79.76366322008862,6.382978723404255,25.94142259414226,30.76923076923077,17.857142857142858,36.507936507936506,69.56521739130436,66.66666666666667,70.0,53.84615384615385,58.71559633027523,32.14288763280175,57.579940188635845,60.85391672547636,49.40479422958772,2.3841658536585366,20.72204589029549,31.99638125204353,38.068709577972484,41.524250476914645,38.068709577972484
Alex Sarr,WAS,12370680,150861.9512195122,0.544,0.7,16.3,2.7,2.2,5.2,2.8,0.9,48.0,27.2,19.4,80.35450516986707,14.893617021276595,68.2008368200837,41.53846153846154,78.57142857142858,82.53968253968254,115.0,27.272727272727277,60.0,80.4733727810651,88.99082568807339,56.71176982422351,74.93746993746994,76.4880661563795,68.8413967623741,1.508619512195122,45.632047183458596,56.04796040210428,60.852126196231424,63.40649244236342,60.852126196231424
Alijah Martin,TOR,2185116,26647.756097560974,0.437,-0.2,2.2,0.5,0.4,0.5,0.5,0.2,23.0,6.3,9.2,64.54948301329394,-4.25531914893617,9.205020920502093,7.6923076923076925,14.285714285714288,7.936507936507936,21.73913043478261,6.060606060606061,28.749999999999996,18.639053254437872,42.20183486238532,18.29544135257637,11.91208147729887,29.863629372274392,19.595555400891424,0.26647756097560976,73.5354801700732,37.960091880866436,29.137976176635032,25.52850887670503,29.137976176635032
Alperen Şengün,HOU,35642202,434661.0,0.569,4.4,20.4,6.2,3.0,5.9,2.3,3.6,72.0,33.3,21.4,84.04726735598226,93.61702127659575,85.35564853556485,95.38461538461539,107.14285714285714,93.65079365079366,100.0,109.09090909090911,90.0,98.5207100591716,98.16513761467888,93.10948193912307,100.91390091390093,95.56194922461684,96.49872457619568,4.34661,22.200916248799796,46.285636027088565,62.09782239055291,71.92691580585215,62.09782239055291
Amen Thompson,HOU,12258609,149495.23170731709,0.594,6.5,18.3,5.3,3.0,4.8,2.1,3.8,79.0,37.4,18.9,87.74002954209747,115.0,76.56903765690377,81.53846153846153,107.14285714285714,76.19047619047619,91.30434782608697,115.0,98.75,110.65088757396451,86.697247706422,93.598077176064,94.16494133885438,98.69937842679549,95.32120136663217,1.4949523170731709,63.76203460004179,77.96071920946312,84.48922084332553,87.95571009268882,84.48922084332553
Andre Drummond,NYK,2449421,29870.98780487805,0.539,1.5,6.4,1.3,3.2,5.3,1.4,1.9,63.0,19.5,16.4,79.61595273264402,31.914893617021274,26.77824267782427,20.0,114.2857142857143,84.12698412698413,60.86956521739131,57.57575757575758,78.75,57.6923076923077,75.22935779816513,54.51896066264078,67.52410230671101,70.55722183015762,63.75218717187971,0.29870987804878046,213.42510528382573,116.64611977786741,91.60521819763694,81.17927567082565,91.60521819763694
Andre Jackson Jr.,TOR,2537526,30945.439024390245,0.425,-0.7,2.4,0.9,0.5,1.0,0.5,0.3,48.0,8.5,6.8,62.776957163958635,-14.893617021276595,10.0418410041841,13.846153846153847,17.857142857142858,15.873015873015872,21.73913043478261,9.090909090909092,60.0,25.14792899408284,31.19266055045871,17.92569557003257,15.567685132902525,38.780196514847184,23.38032230485274,0.3094543902439025,75.55337084222681,42.029301225565554,33.240802441587526,29.561819713234783,33.240802441587526
Andrew Nembhard,IND,19550160,238416.58536585365,0.564,2.2,16.9,7.7,0.4,2.4,1.0,0.7,57.0,31.3,15.7,83.30871491875922,46.808510638297875,70.7112970711297,115.0,14.285714285714288,38.095238095238095,43.47826086956522,21.21212121212121,71.25,92.603550295858,72.0183486238532,66.02284738278021,34.26187339230818,78.6239663065704,59.00445190315678,2.3841658536585366,24.748467818467244,38.213476406518865,45.465695755564845,49.592669664686326,45.465695755564845
Andrew Wiggins,MIA,30169644,367922.48780487804,0.586,2.2,15.4,2.7,1.7,3.1,2.1,2.3,68.0,30.3,15.1,86.55834564254062,46.808510638297875,64.43514644351464,41.53846153846154,60.71428571428572,49.20634920634921,91.30434782608697,69.69696969696969,85.0,89.6449704142012,69.26605504587155,60.010949995420084,70.06922224313529,81.30367515335759,69.8185801070245,3.6792248780487804,18.976437271768965,36.399284413363496,47.23284575811896,53.80464195757144,47.23284575811896
Anfernee Simons,PHI,6000000,73170.73170731707,0.576,1.8,14.3,2.4,0.6,1.9,0.6,1.1,55.0,24.9,14.4,85.08124076809452,38.297872340425535,59.83263598326361,36.92307692307692,21.42857142857143,30.158730158730158,26.08695652173913,33.333333333333336,68.75,73.66863905325444,66.05504587155964,48.3126794886864,29.859673337934208,69.49122830827135,48.392222043306134,0.7317073170731707,66.13603679251838,56.57269462848498,53.1464603251517,51.51196115979495,53.1464603251517
Anthony Black,ORL,10106316,123247.75609756098,0.549,0.3,15.0,3.7,0.7,3.1,2.0999999999999996,2.4,64.0,29.8,13.7,81.0930576070901,6.382978723404255,62.761506276150634,56.92307692307692,25.0,49.20634920634921,91.30434782608695,72.72727272727273,80.0,88.16568047337279,62.844036697247695,46.43212390594438,71.0793232532363,77.0032390568735,63.983506229302364,1.2324775609756098,51.91454047946644,57.63396849219487,60.09444504773161,61.3637979202699,60.09444504773161
Anthony Davis,WAS,58456566,712884.9512195121,0.551,0.4,20.4,2.8,3.1,8.0,2.8,1.0,20.0,31.3,21.5,81.38847858197931,8.51063829787234,85.35564853556485,43.07692307692307,110.71428571428572,115.0,115.0,30.303030303030305,25.0,92.603550295858,98.62385321100918,65.80919484132505,86.76767676767678,72.07580116895572,74.81506059457384,7.128849512195122,10.494689285639966,28.02072116892031,41.50335431177492,50.510904164718774,41.50335431177492
Anthony Edwards,MIN,48924624,596641.756097561,0.617,3.9,28.8,3.7,0.6,4.4,2.2,2.7,61.0,35.0,21.8,91.13737075332348,82.97872340425532,115.0,56.92307692307692,21.42857142857143,69.84126984126985,95.6521739130435,81.81818181818183,76.25,103.55029585798819,100.0,73.49354850184542,82.43720852416506,93.26676528599607,82.46635794467929,5.96641756097561,13.821754361287889,33.7613646433523,48.257266889869165,57.69445641696762,48.257266889869165
Ariel Hukporti,PHI,3400000,41463.41463414634,0.619,0.4,2.2,0.5,1.0,1.9,0.7,0.8,54.0,9.2,11.9,91.43279172821269,8.51063829787234,9.205020920502093,7.6923076923076925,35.714285714285715,30.158730158730158,30.434782608695656,24.242424242424246,67.5,27.218934911242602,54.58715596330275,30.511008870636108,28.27864566995002,49.768696958181785,35.52931180866654,0.4146341463414634,85.68834024443107,55.17651455928964,46.268697722244276,42.36954327223156,46.268697722244276
Asa Newell,ATL,3399480,41457.07317073171,0.624,0.6,5.2,0.6,1.0,1.2,0.7,0.6,44.0,11.4,14.2,92.17134416543574,12.76595744680851,21.75732217573222,9.23076923076923,35.714285714285715,19.047619047619047,30.434782608695656,18.181818181818183,55.00000000000001,33.72781065088758,65.13761467889908,34.327935746606286,22.554739946044297,51.28847510992889,35.413210983411986,0.4145707317073171,85.42139682068382,55.00041770849231,46.11961948382312,42.232382189749316,46.11961948382312
Ausar Thompson,DET,11117925,135584.4512195122,0.545,1.5,9.9,3.1,2.1,3.7,2.9,4.1,73.0,26.0,16.2,80.50221565731167,31.914893617021274,41.42259414225941,47.69230769230769,75.00000000000001,58.730158730158735,115.0,115.0,91.25,76.92307692307693,74.31192660550458,55.30640222178001,96.24338624338624,80.82833450952717,76.88155647545027,1.3558445121951221,56.70381506429411,66.02633989733958,70.17124803963411,72.34028069185041,70.17124803963411
Austin Reaves,LAL,41240250,502929.8780487805,0.641,4.2,23.3,5.5,0.6,4.1,1.5,1.4,51.0,34.5,20.2,94.68242245199409,89.36170212765957,97.48953974895397,84.61538461538461,21.42857142857143,65.07936507936508,65.21739130434783,42.42424242424242,63.74999999999999,102.07100591715977,92.66055045871559,77.51552407451274,57.57366626931844,86.16051879195845,73.32879083598039,5.029298780487805,14.580321042065437,32.697971068784376,45.16710889058717,53.0851484665982,45.16710889058717
Ayo Dosunmu,MIN,19310345,235492.01219512196,0.63,3.5,14.8,3.6,0.7,2.8,1.1,1.3,69.0,27.3,16.5,93.05760709010339,74.46808510638297,61.92468619246863,55.38461538461539,25.0,44.44444444444444,47.82608695652175,39.3939393939394,86.25,80.76923076923079,75.68807339449542,61.96699875471408,43.888156931635194,80.90243472124206,61.500823324825646,2.3549201219512197,26.115885100114486,40.07678175095385,47.56506292566631,51.81860219011751,47.56506292566631
Bam Adebayo,MIA,49800000,607317.0731707317,0.551,2.8,20.1,3.2,2.0,8.0,1.9,3.6,73.0,32.4,18.7,81.38847858197931,59.57446808510638,84.10041841004185,49.23076923076923,71.42857142857143,115.0,82.6086956521739,109.09090909090911,91.25,95.85798816568047,85.77981651376146,69.14454114729365,102.23320158102767,90.96260155981399,86.94010381851932,6.073170731707316,14.315438781362621,35.27868667991092,50.60524215212387,60.60899132371298,50.60524215212387
Baylor Scheierman,BOS,2744040,33463.90243902439,0.616,2.1,5.5,1.5,0.7,2.8,0.6,1.8,77.0,18.6,11.6,90.98966026587887,44.680851063829785,23.012552301255234,23.076923076923077,25.0,44.44444444444444,26.08695652173913,54.545454545454554,96.25,55.02958579881657,53.21100917431192,41.35199734157739,41.692285170546036,68.1635316577095,49.51115549826636,0.33463902439024384,147.9539201636216,85.58837273718409,68.75908463493333,61.629372379419124,68.75908463493333
Ben Saraf,BRK,3028560,36933.65853658537,0.486,-1.6,7.5,3.3,0.5,1.6,1.1,0.5,44.0,20.8,7.8,71.78729689807976,-34.04255319148936,31.380753138075317,50.76923076923077,17.857142857142858,25.396825396825403,47.82608695652175,15.151515151515152,55.00000000000001,61.53846153846154,35.77981651376147,27.55037409420787,29.45814250162077,50.772759350741005,35.165730929688195,0.3693365853658537,95.21323454824841,57.864004243303064,47.41251027980835,42.917575798573736,47.41251027980835
Ben Sheppard,IND,5031669,61361.81707317073,0.561,0.8,7.1,1.8,0.7,2.3,0.7,0.7,65.0,21.4,9.7,82.86558345642541,17.02127659574468,29.707112970711297,27.692307692307693,25.0,36.507936507936506,30.434782608695656,21.21212121212121,81.25,63.31360946745562,44.49541284403669,36.45725614303782,29.384946776251127,63.019674103830766,42.021396346568224,0.6136181707317073,68.48134287884585,53.64402717411529,48.65203563499141,46.3330444058196,48.65203563499141
Bilal Coulibaly,WAS,9240012,112683.0731707317,0.531,0.2,11.7,2.6,0.9,3.5,2.3,0.8,56.0,26.2,13.5,78.43426883308715,4.25531914893617,48.95397489539749,40.0,32.142857142857146,55.55555555555556,100.0,24.242424242424246,70.0,77.51479289940829,61.92660550458715,40.75728400405559,59.93265993265993,69.81379946799848,55.993866458963936,1.126830731707317,49.69146197683556,52.74862165101202,54.023516807203386,54.67247323349661,54.023516807203386
Bobby Portis,MIA,14521414,177090.41463414635,0.587,1.6,13.7,1.6,1.3,5.1,0.8,1.2,67.0,24.2,17.1,86.70605612998521,34.04255319148936,57.32217573221757,24.615384615384617,46.42857142857144,80.95238095238095,34.78260869565218,36.36363636363637,83.75,71.59763313609467,78.44036697247707,49.822948219529636,50.69954200388983,77.92933336952392,58.55290565121038,1.7709041463414634,33.06384807567122,43.99982246374105,49.327594254815345,52.228726989618735,49.327594254815345
Bogdan Bogdanović,HOU,2449421,29870.98780487805,0.525,-0.1,7.4,2.2,0.3,2.3,0.5,0.3,23.0,19.7,8.9,77.5480059084195,-2.127659574468085,30.962343096234314,33.84615384615385,10.714285714285715,36.507936507936506,21.73913043478261,9.090909090909092,28.749999999999996,58.28402366863905,40.825688073394495,30.18862579812506,22.445992011209402,42.61990391401118,31.28551374533957,0.29870987804878046,104.73545083176167,57.242487599871275,44.954007700791806,39.8376190292742,44.954007700791806
Bones Hyland,MIN,2845883,34705.89024390244,0.599,1.8,8.5,2.6,0.3,1.5,0.8,1.3,71.0,16.6,15.1,88.47858197932052,38.297872340425535,35.56485355648536,40.0,10.714285714285715,23.80952380952381,34.78260869565218,39.3939393939394,88.75,49.11242603550296,69.26605504587155,42.61111871810343,32.6620239663718,69.04282702712483,47.15793899522109,0.3470589024390244,135.87877638005952,80.04850434128132,64.7789433375319,58.2739126310772,64.7789433375319
Bradley Beal,PHO,25004710,304935.48780487804,0.476,-0.2,8.2,1.7,0.3,0.5,0.5,0.0,6.0,20.2,5.1,70.31019202363366,-4.25531914893617,34.30962343096235,26.153846153846157,10.714285714285715,7.936507936507936,21.73913043478261,0.0,7.5,59.76331360946746,23.394495412844034,27.44652563475834,9.891879457096849,30.21926967410383,22.30976914615708,3.0493548780487805,7.316225902979401,12.775887871948669,15.967344134509379,17.850627296517573,15.967344134509379
Branden Carlson,POR,2449421,29870.98780487805,0.613,0.8,5.8,0.7,0.7,2.3,0.8,1.0,42.0,11.6,17.7,90.54652880354504,17.02127659574468,24.267782426778243,10.769230769230768,25.0,36.507936507936506,34.78260869565218,30.303030303030305,52.5,34.31952662721894,81.19266055045871,33.52096371905975,33.864525168873,56.00406239255923,40.3827042140461,0.29870987804878046,135.1903876692402,73.88743761850964,58.025717940701895,51.42158760588297,58.025717940701895
Brandin Podziemski,GSW,5679459,69261.69512195123,0.583,2.8,13.8,3.7,0.9,4.2,1.3,2.3,82.0,28.5,15.0,86.11521418020678,59.57446808510638,57.74058577405859,56.92307692307692,32.142857142857146,66.66666666666667,56.52173913043479,69.69696969696969,102.49999999999999,84.31952662721895,68.80733944954129,58.49924042106117,64.29512516469039,85.20895535892008,68.48275571525278,0.6926169512195123,98.87536768292063,82.2876518761184,76.45982381267854,73.70256535798528,76.45982381267854
Brandon Clarke,MEM,12500000,152439.0243902439,0.372,0.0,4.0,0.5,2.0,1.0,1.0,0.0,2.0,10.0,12.3,54.948301329394376,0.0,16.73640167364017,7.6923076923076925,71.42857142857143,15.873015873015872,43.47826086956522,0.0,2.5,29.585798816568047,56.42201834862386,30.161116424782733,19.783758914193697,29.502605721730635,26.435261660266832,1.524390243902439,17.341531649135042,21.410930076357808,23.29457360312145,24.29765612375715,23.29457360312145
Brandon Ingram,TOR,40000000,487804.8780487805,0.573,1.5,21.5,3.7,0.8,4.8,1.5,3.1,77.0,33.8,16.3,84.63810930576071,31.914893617021274,89.95815899581591,56.92307692307692,28.571428571428577,76.19047619047619,65.21739130434783,93.93939393939394,96.25,100.0,74.77064220183486,58.40113348262067,78.44908714473932,90.34021406727828,74.7991619031383,4.878048780487805,15.333828190143352,33.86676095214065,46.49678128225411,54.48130528039088,46.49678128225411
Brandon Miller,CHO,15104626,184202.75609756098,0.574,2.1,20.2,3.3,1.1,3.8,1.7,2.4,65.0,30.3,16.8,84.7858197932053,44.680851063829785,84.51882845188284,50.76923076923077,39.28571428571429,60.317460317460316,73.91304347826087,72.72727272727273,81.25,89.6449704142012,77.06422018348624,60.8080888727726,68.98592550766465,82.65306353256248,70.14204572657286,1.8420275609756098,38.078716742665286,51.68093546921577,58.39687280522855,62.07535377732127,58.39687280522855
Brice Sensabaugh,UTA,4862237,59295.57317073171,0.59,1.0,14.9,1.9,0.7,2.3,0.8999999999999999,0.1,75.0,23.5,14.4,87.14918759231904,21.27659574468085,62.34309623430963,29.230769230769226,25.0,36.507936507936506,39.130434782608695,3.0303030303030307,93.75,69.52662721893492,66.05504587155964,44.99992976041575,26.22289144028274,76.44389103016486,48.04892511249526,0.5929557317073171,81.03290438587447,62.398268842050996,56.205264407069535,53.34321932953922,56.205264407069535
Bronny James,LAL,2296271,28003.30487804878,0.517,-0.2,2.9,1.2,0.1,0.4,0.6,0.3,42.0,8.9,9.0,76.36632200886262,-4.25531914893617,12.133891213389122,18.46153846153846,3.571428571428572,6.349206349206351,26.08695652173913,9.090909090909092,52.5,26.331360946745562,41.28440366972477,21.25557222125652,13.842357320618191,40.03858820549011,24.369983950309564,0.2800330487804878,87.02538524091382,46.05222298207305,35.70199267585511,31.43499426316873,35.70199267585511
Brook Lopez,LAC,9187500,112042.68292682926,0.552,0.5,8.5,1.3,0.6,3.0,1.7999999999999998,1.8,75.0,21.8,12.3,81.53618906942393,10.638297872340425,35.56485355648536,20.0,21.42857142857143,47.61904761904762,78.26086956521739,54.545454545454554,93.75,64.49704142011835,56.42201834862386,33.83358238536423,60.141790576573186,71.5563532562474,54.09520443164023,1.1204268292682926,48.28088994170883,51.10542643925654,52.280979601412,52.87885789200225,52.280979601412
Bryce McGowens,NOP,2584539,31518.768292682926,0.61,1.4,8.1,1.5,0.3,1.8,0.8,0.3,42.0,21.0,11.7,90.10339734121122,29.78723404255319,33.89121338912134,23.076923076923077,10.714285714285715,28.571428571428577,34.78260869565218,9.090909090909092,52.5,62.130177514792905,53.669724770642205,37.51461071281891,24.148315452663283,56.09996742847837,38.54567733906383,0.31518768292682925,122.29436436452436,68.65798649232921,54.50105515211138,48.558116658418506,54.50105515211138
Bub Carrington,WAS,4900560,59762.92682926829,0.556,-0.3,10.7,4.6,0.4,3.0,0.8,-0.1,82.0,27.7,9.9,82.12703101920236,-6.382978723404255,44.76987447698745,70.76923076923076,14.285714285714288,47.61904761904762,34.78260869565218,-3.0303030303030307,102.49999999999999,81.9526627218935,45.412844036697244,41.11377436554612,26.457117761465593,76.62183558619691,46.78292948635398,0.5976292682926829,78.28085398160673,60.516176944293825,54.595626718393476,51.85624213770224,54.595626718393476
Buddy Hield,ATL,9658536,117787.0243902439,0.568,0.2,7.6,1.4,0.5,1.7,1.0,0.8,51.0,16.1,12.8,83.89955686853764,4.25531914893617,31.799163179916317,21.538461538461537,17.857142857142858,26.984126984126984,43.47826086956522,24.242424242424246,63.74999999999999,47.63313609467457,58.71559633027523,31.869928718598906,31.568270698705486,56.699577474983265,39.216259618750456,1.1778702439024389,33.294210310315535,36.13411677806187,37.33678628350624,37.953049678748314,37.33678628350624
CJ McCollum,ATL,21000000,256097.56097560975,0.566,1.9,18.7,3.9,0.8,2.5,1.3,1.0,76.0,29.8,15.9,83.60413589364843,40.42553191489361,78.24267782426779,60.0,28.571428571428577,39.682539682539684,56.52173913043479,30.303030303030305,95.0,88.16568047337279,72.93577981651376,58.16875484084768,42.16910303866826,85.36715342996217,60.888392804841025,2.5609756097560976,23.775467666652208,38.047996194358475,45.921162946329325,50.4490999155843,45.921162946329325
Cade Cunningham,DET,50105628,611044.243902439,0.564,4.2,23.9,9.9,0.9,4.7,2.2,3.6,64.0,33.9,21.6,83.30871491875922,89.36170212765957,100.0,115.0,32.142857142857146,74.60317460317461,95.6521739130435,109.09090909090911,80.0,100.2958579881657,99.08256880733946,83.96265483785518,93.11541920237573,93.12614226516838,89.82364094998613,6.11044243902439,14.700022436399486,36.3374398834575,52.18778418502339,62.542627630281125,52.18778418502339
Caleb Houstan,NOP,2625627,32019.841463414636,0.769,0.2,2.3,0.2,0.3,0.3,0.2,0.1,18.0,4.2,16.4,113.58936484490398,4.25531914893617,9.623430962343097,3.076923076923077,10.714285714285715,4.761904761904762,8.695652173913045,3.0303030303030307,22.5,12.42603550295858,75.22935779816513,28.251864749478408,5.495953322040279,36.7184644337079,23.054834769418292,0.32019841463414633,72.00171429880558,40.74294572406155,32.44413955836833,28.951973899561686,32.44413955836833
Caleb Martin,DAL,10001493,121969.4268292683,0.526,-0.1,3.9,1.4,0.5,2.0,1.0,0.9,58.0,14.8,9.3,77.6957163958641,-2.127659574468085,16.317991631799163,21.538461538461537,17.857142857142858,31.746031746031743,43.47826086956522,27.272727272727277,72.5,43.786982248520715,42.6605504587156,26.25633056975991,34.16567329610808,52.98251090241211,36.96336119651395,1.219694268292683,30.305431580206513,33.46924877727933,34.825403838714514,35.523950770536835,34.825403838714514
Cam Christie,LAC,2296271,28003.30487804878,0.484,-0.2,2.8,0.6,0.3,1.1,0.4,0.4,55.0,8.7,9.2,71.49187592319053,-4.25531914893617,11.715481171548117,9.23076923076923,10.714285714285715,17.460317460317462,17.39130434782609,12.121212121212123,68.75,25.7396449704142,42.20183486238532,19.779418578171487,15.657611309785224,45.56382661093318,26.113326516748664,0.2800330487804878,93.25087388959712,49.34663633776067,38.25598711694396,33.683742710705346,38.25598711694396
Cam Spencer,MEM,2411090,29403.536585365855,0.649,4.7,11.1,5.6,0.6,2.0,0.8999999999999999,0.6,72.0,23.8,17.2,95.86410635155096,100.0,46.44351464435147,86.15384615384615,21.42857142857143,31.746031746031743,39.130434782608695,18.181818181818183,90.0,70.41420118343196,78.89908256880733,69.978007715664,29.686094903486207,79.77109458407976,59.21668342004828,0.2940353658536585,201.39306456598297,109.2054455940598,85.49175040301624,75.64220254005456,85.49175040301624
Cam Whitmore,WAS,5458310,66564.75609756098,0.528,-0.1,9.2,0.7,0.9,1.9,1.1,0.1,21.0,16.9,13.7,77.99113737075332,-2.127659574468085,38.49372384937239,10.769230769230768,32.142857142857146,30.158730158730158,47.82608695652175,3.0303030303030307,26.25,50.0,62.844036697247695,31.453857911549107,27.00504004851831,46.36467889908257,34.41450613437868,0.6656475609756098,51.70079205869676,42.1812425783814,38.883758583904864,37.33298128412672,38.883758583904864
Cameron Johnson,DEN,23062500,281250.0,0.629,2.7,12.2,2.4,0.8,3.0,1.1,1.0,54.0,30.5,12.8,92.90989660265878,57.446808510638306,51.04602510460251,36.92307692307692,28.571428571428577,47.61904761904762,47.82608695652175,30.303030303030305,67.5,90.23668639053255,58.71559633027523,53.37944714248101,41.91605495953323,72.15076090693593,55.11328792961524,2.8125,19.59583570830764,32.863215539770216,40.413695177788526,44.816487390437935,40.413695177788526
Caris LeVert,MIL,14809200,180600.0,0.518,-0.2,7.4,2.7,0.4,1.6,1.6,1.8,60.0,19.2,10.9,76.51403249630724,-4.25531914893617,30.962343096234314,41.53846153846154,14.285714285714288,25.396825396825403,69.56521739130436,54.545454545454554,75.0,56.80473372781065,50.0,31.809046453556242,49.83583244452811,60.60157790927022,46.57591312720087,1.806,25.789542152381433,34.65792081010635,39.00731471427374,41.38260530480033,39.00731471427374
Carter Bryant,SAS,5145360,62748.29268292683,0.526,0.1,4.2,0.7,0.5,2.0,0.5,1.2,71.0,11.5,9.9,77.6957163958641,2.127659574468085,17.573221757322177,10.769230769230768,17.857142857142858,31.746031746031743,21.73913043478261,36.36363636363637,88.75,34.023668639053255,45.412844036697244,25.204594270805597,29.949599514816907,56.06217089191683,36.075169040102814,0.6274829268292683,57.49187347995924,45.5415091342144,41.488506431546874,39.59934405131863,41.488506431546874
Cason Wallace,OKC,7420806,90497.63414634146,0.538,1.0,8.6,2.6,0.8,2.3,2.3,4.2,77.0,26.6,12.1,79.4682422451994,21.27659574468085,35.98326359832636,40.0,28.571428571428577,36.507936507936506,100.0,115.0,96.25,78.69822485207102,55.5045871559633,41.05990603192704,83.83597883597884,76.8176040026781,66.33108017652997,0.9049763414634145,73.29592734907041,69.72659488032026,68.34801435318103,67.66897910952538,68.34801435318103
Cedric Coward,MEM,6001080,73183.90243902439,0.585,1.4,13.6,2.8,1.3,4.5,1.0,1.1,62.0,25.8,15.3,86.410635155096,29.78723404255319,56.903765690376574,43.07692307692307,46.42857142857144,71.42857142857143,43.47826086956522,33.333333333333336,77.5,76.33136094674558,70.18348623853211,52.52142587870405,49.413388543823324,74.67161572842589,58.10975013976116,0.7318390243902438,79.40236609844254,67.92681101366631,63.815230004657124,61.85373014415,63.815230004657124
Charles Bassey,GSW,2449421,29870.98780487805,0.681,0.4,5.8,0.5,1.8,2.6,1.1,0.2,13.0,11.8,22.7,100.59084194977844,8.51063829787234,24.267782426778243,7.6923076923076925,64.28571428571429,41.26984126984127,47.82608695652175,6.060606060606061,16.25,34.9112426035503,104.12844036697247,41.0694569304902,31.718844762323027,51.76322765684092,41.09838001121857,0.29870987804878046,137.58627695769422,75.19689551262128,59.05406913094419,52.33289818841978,59.05406913094419
Chaz Lanier,DET,2150917,26230.69512195122,0.436,0.0,2.4,0.5,0.2,0.4,0.2,0.3,34.0,7.7,6.6,64.40177252584934,0.0,10.0418410041841,7.6923076923076925,7.142857142857144,6.349206349206351,8.695652173913045,9.090909090909092,42.5,22.781065088757398,30.27522935779816,17.855755673039656,8.04525587134283,31.852098148851855,18.719088483206395,0.2623069512195122,71.36329554431549,36.54936174199558,27.966734355936584,24.463733510877468,27.966734355936584
Chet Holmgren,OKC,41500000,506097.56097560975,0.653,4.4,17.1,1.7,1.9,7.0,2.5,4.7,69.0,28.9,21.6,96.4549483013294,93.61702127659575,71.54811715481173,26.153846153846157,67.85714285714286,111.11111111111111,108.69565217391306,115.0,86.25,85.50295857988166,99.08256880733946,71.12621514874517,111.6022544283414,90.27850912907371,90.63375669790645,5.060975609756097,17.908356745128504,40.28773570327934,55.7211034528868,65.53044734169573,55.7211034528868
Christian Braun,DEN,21551726,262825.9268292683,0.607,2.2,12.0,2.7,1.4,3.4,1.0,0.8,44.0,31.8,12.6,89.66026587887738,46.808510638297875,50.2092050209205,41.53846153846154,50.0,53.96825396825397,43.47826086956522,24.242424242424246,55.00000000000001,94.08284023668641,57.798165137614674,55.64328861531146,40.56297969341448,68.96033512476703,54.511097534703154,2.6282592682926826,20.740380598034974,33.6241120282209,40.792889116761394,44.93153806884984,40.792889116761394
Christian Koloko,NOP,2625627,32019.841463414636,0.453,-0.2,2.7,0.7,1.1,1.9,1.4,0.4,27.0,13.2,8.8,66.91285081240767,-4.25531914893617,11.297071129707115,10.769230769230768,39.28571428571429,30.158730158730158,60.86956521739131,12.121212121212123,33.75,39.053254437869825,40.36697247706422,24.801909569624737,34.383169165777865,37.72340897164468,31.935987652922783,0.32019841463414633,99.73811922027265,56.43788925840838,44.94222798422154,40.104814900283664,44.94222798422154
Clint Capela,HOU,7035000,85792.68292682926,0.54,1.3,3.8,0.7,2.1,2.5,1.3,1.7,75.0,12.3,17.9,79.76366322008862,27.659574468085108,15.899581589958158,10.769230769230768,75.00000000000001,39.682539682539684,56.52173913043479,51.515151515151516,93.75,36.3905325443787,82.11009174311926,41.81841000947253,49.239810109375334,70.75020809583265,53.02122546934752,0.8579268292682927,61.80157055417906,57.24329660941023,55.51555507171434,54.671339090738755,55.51555507171434
Coby White,CHO,22839506,278530.56097560975,0.595,1.2,17.4,4.0,0.3,3.1,0.6,0.7,50.0,25.0,16.1,87.88774002954209,25.53191489361702,72.80334728033473,61.53846153846154,10.714285714285715,49.20634920634921,26.08695652173913,21.21212121212121,62.5,73.96449704142013,73.85321100917432,51.69514989124822,32.16847564673652,70.10590268353148,50.57930648579922,2.7853056097560978,18.159338174107337,30.306546010514772,37.19726546030059,41.209590549816056,37.19726546030059
Cody Williams,UTA,6015600,73360.9756097561,0.524,0.0,8.8,2.0,0.9,2.0,1.2000000000000002,0.1,67.0,24.3,9.6,77.40029542097489,0.0,36.820083682008374,30.76923076923077,32.142857142857146,31.746031746031743,52.17391304347827,3.0303030303030307,83.75,71.89349112426036,44.03669724770642,35.426493403014234,28.983415939937682,66.5600627906556,42.57591788186062,0.7336097560975611,58.03619366833849,49.70859297746154,46.72232973824755,45.297162716154766,46.72232973824755
Cole Anthony,MEM,3700000,45121.95121951219,0.483,-0.9,6.7,3.5,0.5,2.0,0.8999999999999999,0.4,35.0,15.1,10.7,71.34416543574594,-19.148936170212767,28.03347280334728,53.84615384615385,17.857142857142858,31.746031746031743,39.130434782608695,12.121212121212123,43.75,44.67455621301775,49.08256880733944,30.386399754435434,27.665892883284187,45.83570834011906,34.0962199939491,0.4512195121951219,75.56459566226557,50.75891131076807,43.29022798564847,39.97869928703205,43.29022798564847
Collin Gillespie,PHO,10714286,130662.0243902439,0.575,3.6,12.7,4.6,1.1,3.0,1.4,2.5,80.0,28.5,15.3,84.93353028064992,76.59574468085107,53.13807531380753,70.76923076923076,39.28571428571429,47.61904761904762,60.86956521739131,75.75757575757575,100.0,84.31952662721895,70.18348623853211,64.94445906605071,61.41539619800489,84.83433762191702,69.71154125767502,1.306620243902439,53.35256481980556,60.985978090366444,64.33686131035327,66.08072637049973,64.33686131035327
Collin Murray-Boyles,TOR,6649560,81092.19512195123,0.621,2.1,8.5,1.9,2.3,2.7,1.8,1.9,57.0,21.9,16.4,91.72821270310192,44.680851063829785,35.56485355648536,29.230769230769226,82.14285714285714,42.85714285714286,78.26086956521739,57.57575757575758,71.25,64.79289940828401,75.22935779816513,56.669508739408684,59.56458999937261,70.42408573548305,61.78020946661873,0.8109219512195123,76.18514873559657,68.60564442617428,65.78935967385063,64.42487211083285,65.78935967385063
Collin Sexton,LAL,9366000,114219.51219512195,0.615,2.5,15.4,3.3,0.6,1.7,1.2000000000000002,1.4,68.0,23.7,17.4,90.84194977843426,53.191489361702125,64.43514644351464,50.76923076923077,21.42857142857143,26.984126984126984,52.17391304347827,42.42424242424242,85.0,70.11834319526628,79.81651376146787,56.13327755629065,40.527427483949225,78.31161898557805,57.48079096048079,1.1421951219512194,50.32484367669683,53.783936444807416,55.23325595287659,55.97249617971779,55.23325595287659
Cooper Flagg,DAL,14517480,177042.43902439025,0.548,1.3,21.0,4.5,1.2,5.4,2.1,2.5,70.0,33.5,17.9,80.94534711964549,27.659574468085108,87.86610878661088,69.23076923076923,42.85714285714286,85.71428571428572,91.30434782608697,75.75757575757575,87.5,99.11242603550296,82.11009174311926,61.71178849245071,84.25873643264948,89.57417259287406,77.7364660222453,1.7704243902439025,43.90837951093519,58.42330230262292,65.4940094415082,69.3440681534587,65.4940094415082
Corey Kispert,ATL,13975000,170426.82926829267,0.609,1.4,9.2,1.6,0.5,1.8,0.5,0.5,58.0,18.6,13.1,89.95568685376661,29.78723404255319,38.49372384937239,24.615384615384617,17.857142857142858,28.571428571428577,21.73913043478261,15.151515151515152,72.5,55.02958579881657,60.09174311926605,40.14183444364393,21.820691385908777,62.5404429726942,40.63222836272906,1.7042682926829267,23.84145063144031,31.124448052221158,34.62655226704639,36.52271445243779,34.62655226704639
Craig Porter Jr.,CLE,2406205,29343.963414634145,0.524,1.3,4.5,3.2,1.3,2.1,1.5,1.5,64.0,17.9,13.7,77.40029542097489,27.659574468085108,18.82845188284519,49.23076923076923,46.42857142857144,33.333333333333336,65.21739130434783,45.45454545454546,80.0,52.95857988165681,62.844036697247695,43.90953248624918,48.00175669740887,65.26753885963484,51.70829063005917,0.29343963414634144,176.21440532559993,95.45546439978786,74.69723898032817,66.07792955655792,74.69723898032817
D'Angelo Russell,MEM,5969250,72795.73170731707,0.511,-0.3,10.2,4.0,0.3,2.0,0.6,0.3,26.0,19.0,12.3,75.48005908419498,-6.382978723404255,42.67782426778243,61.53846153846154,10.714285714285715,31.746031746031743,26.08695652173913,9.090909090909092,32.5,56.2130177514793,56.42201834862386,36.80553037626409,22.307965786226656,48.37834536670105,35.34820291278245,0.7279573170731707,48.55807076011494,41.42994736035506,38.8808333375126,37.66570981766452,38.8808333375126
DaRon Holmes,DEN,3372120,41123.41463414634,0.692,0.3,3.7,0.6,0.3,1.1,0.2,0.1,25.0,8.4,13.4,102.2156573116691,6.382978723404255,15.481171548117157,9.23076923076923,10.714285714285715,17.460317460317462,8.695652173913045,3.0303030303030307,31.25,24.85207100591716,61.46788990825688,28.804972505649097,9.728757554844513,39.18998697139134,25.43456376209821,0.41123414634146344,61.849347843257455,39.6624656490683,33.204545702935775,30.381307443217484,33.204545702935775
Daeqwon Plowden,SAC,2449421,29870.98780487805,0.572,0.7,10.8,1.3,1.0,2.0,0.8999999999999999,0.1,32.0,26.4,10.7,84.4903988183161,14.893617021276595,45.18828451882846,20.0,35.714285714285715,31.746031746031743,39.130434782608695,3.0303030303030307,40.0,78.10650887573965,49.08256880733944,40.05731721454138,24.635589852981155,55.72969256102636,39.515642515556394,0.29870987804878046,132.28769926752585,72.30099192584416,56.779841060167236,50.31750876925354,56.779841060167236
Dalton Knecht,LAL,4201080,51232.68292682927,0.568,0.1,4.2,0.4,0.3,1.1,0.4,0.4,54.0,10.2,10.2,83.89955686853764,2.127659574468085,17.573221757322177,6.153846153846154,10.714285714285715,17.460317460317462,17.39130434782609,12.121212121212123,67.5,30.17751479289941,46.78899082568807,24.093714013691955,15.657611309785224,48.155501872862494,28.443975452114827,0.5123268292682928,55.51919951711025,39.73898272711255,34.76371376046536,32.51478415023268,34.76371376046536
Daniel Gafford,DAL,17263584,210531.51219512196,0.677,2.5,9.5,1.1,2.5,4.4,2.1,1.7,55.0,21.7,18.8,100.0,53.191489361702125,39.7489539748954,16.923076923076923,89.28571428571429,69.84126984126985,91.30434782608697,51.515151515151516,68.75,64.20118343195267,86.23853211009175,59.82984690907775,70.88692306083611,73.06323851401481,67.55927028215672,2.10531512195122,32.0898613123257,46.56143912849276,54.03682418870705,58.2132073458423,54.03682418870705
Daniss Jenkins,DET,4000000,48780.48780487805,0.525,0.9,9.3,3.9,0.7,1.6,1.1,2.0,72.0,20.2,13.4,77.5480059084195,19.148936170212767,38.912133891213394,60.0,25.0,25.396825396825403,47.82608695652175,60.60606060606061,90.0,59.76331360946746,61.46788990825688,44.121815193969134,44.60965765313592,70.41040117257478,52.17425742366753,0.48780487804878053,106.95722771851842,74.70216819013895,64.71164425807568,60.22919364735546,64.71164425807568
Danny Wolf,BRK,2941440,35871.21951219512,0.521,-0.2,8.9,2.2,1.0,3.9,1.1,1.0,57.0,20.8,12.3,76.95716395864106,-4.25531914893617,37.23849372384937,33.84615384615385,35.714285714285715,61.904761904761905,47.82608695652175,30.303030303030305,71.25,61.53846153846154,56.42201834862386,35.90015561879876,46.677959721437986,63.0701599623618,47.71561031676501,0.35871219512195124,133.0192030425482,79.66864161654117,64.89879611807737,58.574859399926616,64.89879611807737
Darius Garland,LAC,42166510,514225.73170731706,0.582,1.7,18.8,6.7,0.4,2.0,1.2,0.9,45.0,29.9,17.1,85.96750369276216,36.170212765957444,78.66108786610879,103.0769230769231,14.285714285714288,31.746031746031743,52.17391304347826,27.272727272727277,56.25,88.46153846153847,78.44036697247707,63.63228833749315,37.06422402074576,74.38396847800517,57.82465051195264,5.14225731707317,11.244993578980374,25.499761248170376,35.3807369919522,41.67563786613836,35.3807369919522
Davion Mitchell,MIA,12400000,151219.51219512196,0.582,2.6,9.3,6.5,0.5,2.2,1.2,1.7,70.0,28.6,12.1,85.96750369276216,55.319148936170215,38.912133891213394,100.0,17.857142857142858,34.920634920634924,52.17391304347826,51.515151515151516,87.5,84.61538461538463,55.5045871559633,59.611185875457714,46.203233159754895,75.87332392378265,59.931123366616234,1.5121951219512195,39.63187190373009,48.735845168750075,52.9383094748564,55.173540261460936,52.9383094748564
Day'Ron Sharpe,BRK,10000000,121951.21951219512,0.638,2.0,8.7,2.3,2.8,3.9,1.5,1.5,62.0,18.7,20.5,94.23929098966026,42.5531914893617,36.40167364016737,35.38461538461538,100.0,61.904761904761905,65.21739130434783,45.45454545454546,77.5,55.325443786982255,94.03669724770643,61.71575430076094,57.525566221218405,75.62071367822956,64.46257816695706,1.2195121951219512,52.85931409690479,58.37334722990845,60.73678880587671,61.954155506996656,60.73678880587671
De'Aaron Fox,SAS,49800000,607317.0731707317,0.578,3.4,18.6,6.2,0.6,3.2,1.5,3.0,72.0,31.0,17.6,85.37666174298374,72.34042553191489,77.82426778242679,95.38461538461539,21.42857142857143,50.793650793650805,65.21739130434783,90.90909090909092,90.0,91.71597633136096,80.73394495412845,70.47090837410244,68.97337766902984,87.48330709516313,75.06546755069596,6.073170731707316,12.360177387865601,30.46017883449917,43.693370444954475,52.3307664893938,43.693370444954475
De'Andre Hunter,SAC,24910714,303789.1951219512,0.545,0.1,13.7,2.0,0.7,3.4,0.7999999999999999,1.0,45.0,26.1,11.4,80.50221565731167,2.127659574468085,57.32217573221757,30.76923076923077,25.0,53.96825396825397,34.78260869565217,30.303030303030305,56.25,77.21893491124261,52.293577981651374,39.14425634664562,39.68463098897882,61.92083763096466,46.16095811033462,3.037891951219512,15.19506251425567,26.48430939640435,33.07524862369147,36.96241593034824,33.07524862369147
De'Anthony Melton,GSW,5477000,66792.68292682926,0.518,-0.7,12.3,2.6,0.8,2.4,2.0,1.5,49.0,23.0,13.4,76.51403249630724,-14.893617021276595,51.46443514644352,40.0,28.571428571428577,38.095238095238095,86.95652173913044,45.45454545454546,61.25000000000001,68.04733727810651,61.46788990825688,36.33125583858055,56.83543509630467,63.58840906212114,51.47982275326893,0.6679268292682926,77.07404538557701,62.9901436363413,58.105651684149144,55.807332602146765,58.105651684149144
DeAndre Jordan,NOP,3876529,47274.743902439026,0.671,0.3,4.4,0.9,2.2,4.2,1.1,0.2,12.0,16.6,15.7,99.11373707533235,6.382978723404255,18.410041841004187,13.846153846153847,78.57142857142858,66.66666666666667,47.82608695652175,6.060606060606061,15.0,49.11242603550296,72.0183486238532,43.26486801146464,40.18445322793149,45.37692488645206,42.8511440475596,0.47274743902439026,90.64278409628528,62.32292514140977,53.650486666583184,49.77790153697231,53.650486666583184
Dean Wade,PHI,9000000,109756.09756097561,0.58,1.7,5.8,1.5,0.9,3.3,1.1,1.4,59.0,22.3,10.9,85.67208271787295,36.170212765957444,24.267782426778243,23.076923076923077,32.142857142857146,52.38095238095239,47.82608695652175,42.42424242424242,73.75,65.97633136094674,50.0,40.26597162607777,47.54376058723884,63.24211045364891,49.63326152114388,1.0975609756097562,45.22141605259775,47.3760104831025,48.26632329705698,48.71773438520141,48.26632329705698
Deandre Ayton,WAS,8104000,98829.26829268293,0.676,4.0,12.5,0.8,2.6,5.4,1.6,2.2,72.0,27.2,18.2,99.85228951255539,85.1063829787234,52.30125523012552,12.307692307692308,92.85714285714288,85.71428571428572,69.56521739130436,66.66666666666667,90.0,80.4733727810651,83.4862385321101,68.4849525772479,73.98205659075226,84.6532037710584,75.20444329998253,0.9882926829268293,76.09531528379279,75.64856788898445,75.47060418101786,75.38177938640268,75.47060418101786
Dejounte Murray,NOP,32785071,399817.93902439025,0.58,0.2,16.7,6.4,0.3,5.1,1.8,0.4,14.0,27.8,18.1,85.67208271787295,4.25531914893617,69.8744769874477,98.46153846153847,10.714285714285715,80.95238095238095,78.26086956521739,12.121212121212123,17.5,82.24852071005918,83.02752293577981,53.795540606016196,57.111487546270155,60.92534788194633,57.06190474848158,3.9981793902439025,14.271972110035966,28.53744755782931,37.651959393264974,43.24877484598918,37.651959393264974
Deni Avdija,POR,13125000,160060.9756097561,0.6,4.5,24.2,6.7,1.1,5.8,1.4,2.4,66.0,33.3,20.3,88.62629246676514,95.74468085106382,101.25523012552303,103.0769230769231,39.28571428571429,92.06349206349206,60.86956521739131,72.72727272727273,82.5,98.5207100591716,93.11926605504587,85.59776816119788,75.2201100027187,91.37999203807249,83.80403155037735,1.600609756097561,52.35756637814051,66.24028339805517,72.77450728798706,76.2794968549776,72.77450728798706
Dennis Schröder,CLE,14809200,180600.0,0.526,0.8,10.8,4.9,0.5,2.2,1.0,0.7,70.0,24.2,12.9,77.6957163958641,17.02127659574468,45.18828451882846,75.3846153846154,17.857142857142858,34.920634920634924,43.47826086956522,21.21212121212121,87.5,71.59763313609467,59.174311926605505,46.62940715043909,33.20367233410712,72.75731502090005,49.90302967402451,1.806,27.63179937653627,37.13368422650763,41.79377392718444,44.338741676925764,41.79377392718444
Dereck Lively II,DAL,7239131,88282.08536585367,0.67,0.1,4.3,1.9,2.0,3.3,2.2,0.2,7.0,16.4,15.0,98.96602658788774,2.127659574468085,17.99163179916318,29.230769230769226,71.42857142857143,52.38095238095239,95.6521739130435,6.060606060606061,8.75,48.5207100591716,68.80733944954129,43.94893172417193,51.36457745153398,42.0260165029043,45.89337670509474,0.8828208536585367,51.98492595061159,48.84428103307359,47.641808382677134,47.05171918191567,47.641808382677134
Derik Queen,NOP,5416080,66049.75609756098,0.546,0.4,11.7,3.7,1.7,5.4,1.9,2.3,81.0,25.0,15.9,80.64992614475628,8.51063829787234,48.95397489539749,56.92307692307692,60.71428571428572,85.71428571428572,82.6086956521739,69.69696969696969,101.25,73.96449704142013,72.93577981651376,51.150380395077754,79.33998368780978,82.71675895264464,70.20475908187672,0.6604975609756099,106.29071662002573,86.38352940780399,79.50696725430635,76.27677271753335,79.50696725430635
Derrick Jones Jr.,LAC,10476190,127758.41463414633,0.6,1.7,10.1,1.4,1.2,2.2,1.9,1.1,50.0,27.0,13.3,88.62629246676514,36.170212765957444,42.25941422594142,21.538461538461537,42.85714285714286,34.920634920634924,82.6086956521739,33.333333333333336,62.5,79.88165680473374,61.00917431192661,46.29030477085368,50.28755463538072,67.79694370555345,54.10136140520281,1.2775841463414634,42.34661298837297,47.864490110835,50.26796912128169,51.51459514336582,50.26796912128169
Derrick White,BOS,30348000,370097.56097560975,0.529,3.5,16.5,5.4,1.1,3.3,2.4000000000000004,3.5,77.0,34.1,16.0,78.13884785819793,74.46808510638297,69.0376569037657,83.07692307692308,39.28571428571429,52.38095238095239,104.34782608695654,106.06060606060606,96.25,100.88757396449705,73.39449541284402,68.8014454461968,87.596461509505,90.1773564591137,81.60452421159665,3.7009756097560977,22.049462848790448,42.41857994908388,55.108598975338694,62.81321062118854,55.108598975338694
Desmond Bane,ORL,39446090,481049.8780487805,0.607,4.8,20.1,4.1,1.2,2.9,1.5,2.6,82.0,33.6,16.9,89.66026587887738,102.12765957446808,84.10041841004185,63.07692307692307,42.85714285714286,46.03174603174603,65.21739130434783,78.7878787878788,102.49999999999999,99.40828402366864,77.5229357798165,76.36448195949065,63.345672041324214,93.14373993449504,76.97186397981538,4.810498780487805,16.000807295082634,35.09432949472519,48.04796196448205,56.220406566414695,48.04796196448205
Devin Booker,PHO,57078728,696082.0487804879,0.585,4.7,26.1,6.0,0.8,3.1,1.1,1.8,64.0,33.5,20.4,86.410635155096,100.0,109.20502092050211,92.3076923076923,28.571428571428577,49.20634920634921,47.82608695652175,54.545454545454554,80.0,99.11242603550296,93.57798165137613,83.2989553909438,50.52596356944184,90.89680256229303,74.43549232303789,6.960820487804878,10.693494028964883,28.213037636870425,41.589331055717146,50.49495370857042,41.589331055717146
Devin Carter,ATL,5158080,62903.41463414634,0.508,-0.2,8.9,2.7,0.9,2.3,1.1,0.4,38.0,18.4,13.8,75.03692762186115,-4.25531914893617,37.23849372384937,41.53846153846154,32.142857142857146,36.507936507936506,47.82608695652175,12.121212121212123,47.5,54.437869822485204,63.30275229357798,36.340284175618606,32.15174519522346,55.08020737202106,40.538157881204995,0.6290341463414634,64.4450831754996,51.11247358948489,46.586678052950276,44.476352697104176,46.586678052950276
Devin Vassell,SAS,27000000,329268.2926829268,0.574,2.3,13.9,2.5,0.6,3.4,1.3,2.6,67.0,30.5,13.0,84.7858197932053,48.93617021276595,58.15899581589959,38.46153846153847,21.42857142857143,53.96825396825397,56.52173913043479,78.7878787878788,83.75,90.23668639053255,59.63302752293578,50.354219142396154,63.09262396218918,77.87323797115612,62.94098242975377,3.292682926829268,19.11540947866596,34.68634676835055,44.02187577110698,49.593360215967905,44.02187577110698
Dillon Brooks,PHO,19992727,243813.74390243902,0.54,0.4,20.2,1.8,0.8,2.9,1.2,1.6,56.0,30.4,14.1,79.76366322008862,8.51063829787234,84.51882845188284,27.692307692307693,28.571428571428577,46.03174603174603,52.17391304347826,48.48484848484849,70.0,89.94082840236686,64.6788990825688,45.81137324671601,48.896835853357594,74.87324249497856,55.57899130745291,2.4381374390243904,22.795676083663515,35.59439117194515,42.53958076836377,46.504933095411666,42.53958076836377
Domantas Sabonis,SAC,45472000,554536.5853658536,0.59,0.7,15.8,4.1,3.4,8.0,1.1,0.4,19.0,29.7,19.2,87.14918759231904,14.893617021276595,66.10878661087867,63.07692307692307,115.0,115.0,47.82608695652175,12.121212121212123,23.75,87.86982248520711,88.07339449541284,69.24570286027947,58.31576635924463,66.56440566020665,64.72513528990577,5.545365853658536,11.671932384263444,27.485767274465594,38.716305287768435,45.950149224303495,38.716305287768435
Dominick Barlow,PHI,3415000,41646.34146341463,0.597,2.2,7.7,1.2,1.9,2.9,1.6,1.8,71.0,23.8,13.2,88.18316100443131,46.808510638297875,32.21757322175732,18.46153846153846,67.85714285714286,46.03174603174603,69.56521739130436,54.545454545454554,88.75,70.41420118343196,60.55045871559632,50.70558523663356,56.71413932283499,73.23821996634275,59.508284044854804,0.4164634146341463,142.88958394372165,92.21233078267848,77.3934791918405,70.90258287848454,77.3934791918405
Donovan Clingan,POR,7519920,91706.34146341463,0.604,5.1,12.1,2.1,4.5,7.1,2.3,3.5,77.0,27.2,20.9,89.21713441654356,108.51063829787233,50.627615062761514,32.30769230769231,115.0,112.6984126984127,100.0,106.06060606060606,96.25,80.4733727810651,95.87155963302752,79.13261601697394,106.25300625300626,90.86497747136421,91.873257133542,0.9170634146341463,100.18201104467127,95.93772803679701,94.29079621634321,93.47796296585672,94.29079621634321
Donovan Mitchell,CLE,50105628,611044.243902439,0.613,5.8,27.9,5.7,0.7,3.8,1.8,2.4,70.0,33.5,22.9,90.54652880354504,115.0,115.0,87.6923076923077,25.0,60.317460317460316,78.26086956521739,72.72727272727273,87.5,99.11242603550296,105.04587155963301,86.64776729917054,70.43520086998348,97.219432531712,84.30699428300937,6.11044243902439,13.797199650320257,34.10572432951819,48.98259719152893,58.7014831986869,48.98259719152893
Donte DiVincenzo,MIN,12535000,152865.8536585366,0.567,2.3,12.2,3.8,0.8,3.3,1.7000000000000002,2.9,82.0,30.4,12.5,83.75184638109305,48.93617021276595,51.04602510460251,58.46153846153845,28.571428571428577,52.38095238095239,73.91304347826089,87.87878787878788,102.49999999999999,89.94082840236686,57.3394495412844,54.1534017462857,71.39092791266705,83.26009264788375,68.74616791333477,1.528658536585366,44.97156576700001,55.60236336293414,60.5278640819918,63.15189650420485,60.5278640819918
Dorian Finney-Smith,CHO,13335000,162621.9512195122,0.452,0.0,3.3,1.0,0.9,1.6,0.6000000000000001,0.6,37.0,16.8,5.8,66.76514032496307,0.0,13.807531380753138,15.384615384615385,32.142857142857146,25.396825396825403,26.086956521739136,18.181818181818183,46.25,49.70414201183432,26.60550458715596,25.620028846637744,23.221866700127574,40.853215532996764,29.37460972273199,1.6262195121951222,18.063127088594097,23.034697927247922,25.387407549702647,26.65239687704373,25.387407549702647
Drake Powell,BRK,3540600,43178.04878048781,0.521,-0.5,6.5,1.4,0.3,1.4,0.8,0.5,63.0,21.0,7.3,76.95716395864106,-10.638297872340425,27.196652719665277,21.538461538461537,10.714285714285715,22.22222222222222,34.78260869565218,15.151515151515152,78.75,62.130177514792905,33.48623853211009,25.15365321174263,24.052115356463187,58.122138682301,34.66967598211512,0.43178048780487804,80.29467973036887,52.76163880452915,44.60369927046958,41.010699819902165,44.60369927046958
Draymond Green,GSW,27678571,337543.5487804878,0.54,-0.4,8.4,5.5,0.8,4.7,1.5,2.1,68.0,27.5,10.4,79.76366322008862,-8.51063829787234,35.14644351464435,84.61538461538461,28.571428571428577,74.60317460317461,65.21739130434783,63.63636363636365,85.0,81.36094674556213,47.706422018348626,43.917256324734765,67.8189765146287,71.35578958797025,60.275401168269354,3.375435487804878,17.857073964541332,32.807656071474945,41.84476815280705,47.25787041948529,41.84476815280705
Dru Smith,MIA,2584539,31518.768292682926,0.532,1.2,5.6,2.6,0.9,1.6,1.7,1.9,70.0,16.3,14.5,78.58197932053176,25.53191489361702,23.430962343096233,40.0,32.142857142857146,25.396825396825403,73.91304347826087,57.57575757575758,87.5,48.22485207100593,66.5137614678899,39.93754274002043,52.295208816947955,67.41287117963195,52.381747738059246,0.31518768292682925,166.19224219564333,93.3029480065589,74.0643496110708,65.98817800144816,74.0643496110708
Duncan Robinson,DET,15992957,195036.06097560975,0.629,3.8,12.2,2.1,0.4,2.3,0.8999999999999999,2.3,77.0,27.4,12.4,92.90989660265878,80.85106382978722,51.04602510460251,32.30769230769231,14.285714285714288,36.507936507936506,39.130434782608695,69.69696969696969,96.25,81.06508875739645,56.88073394495413,54.280078426091016,48.44511366250496,78.06527423411686,59.431749148879504,1.9503606097560975,30.472184913697447,42.55602483561096,48.638932767717236,51.999064306817814,48.638932767717236
Dylan Harper,SAS,12989040,158402.92682926828,0.574,2.0,11.8,3.9,0.8,2.6,1.1,2.2,69.0,22.6,16.2,84.7858197932053,42.5531914893617,49.3723849372385,60.0,28.571428571428577,41.26984126984127,47.82608695652175,66.66666666666667,86.25,66.8639053254438,74.31192660550458,53.05656495824682,51.92086496434323,75.80861064364946,59.49604066594039,1.5840292682926829,37.55993772139521,47.272270752337654,51.827362101668896,54.266951451921564,51.827362101668896
Dyson Daniels,ATL,25000000,304878.0487804878,0.542,3.1,11.9,5.9,2.4,4.4,2.4,3.6,76.0,33.2,15.5,80.05908419497784,65.95744680851064,49.7907949790795,90.76923076923077,85.71428571428572,69.84126984126985,104.34782608695652,109.09090909090911,95.0,98.22485207100593,71.10091743119266,74.4581684932169,94.42666833971184,88.1085898340662,85.34258484327997,3.048780487804878,27.992367828595828,48.876794354542525,61.08406711893466,68.28739744765774,61.08406711893466
E.J. Liddell,PHO,706898,8620.707317073171,0.6,0.3,5.7,0.9,0.5,2.1,0.6000000000000001,0.2,26.0,13.4,12.6,88.62629246676514,6.382978723404255,23.84937238493724,13.846153846153847,17.857142857142858,33.333333333333336,26.086956521739136,6.060606060606061,32.5,39.64497041420118,57.798165137614674,30.11238805568067,21.826965305226178,43.314378517271955,31.255941459003523,0.08620707317073172,362.568178101832,106.45379161705996,65.20332076400685,51.02981627139013,65.20332076400685
Egor Dёmin,BRK,7233720,88216.09756097561,0.561,0.1,10.3,3.3,0.4,2.8,1.1,0.7,52.0,25.2,11.3,82.86558345642541,2.127659574468085,43.09623430962344,50.76923076923077,14.285714285714288,44.44444444444444,47.82608695652175,21.21212121212121,65.0,74.55621301775149,51.8348623853211,38.6288844790924,37.82755087102913,63.79702513435753,45.906873248930424,0.8821609756097561,52.039111361958916,48.87691570957013,47.66651063149175,47.07259550892097,47.66651063149175
Evan Mobley,CLE,50105628,611044.243902439,0.596,3.6,18.2,3.6,2.4,6.6,2.4,2.9,65.0,31.9,20.0,88.03545051698669,76.59574468085107,76.15062761506276,55.38461538461539,85.71428571428572,104.76190476190477,104.34782608695652,87.87878787878788,81.25,94.37869822485207,91.74311926605505,76.37614478236034,98.9961729092164,89.12393916363571,87.89129265987401,6.11044243902439,14.383785386563101,35.55572374410675,51.06508447625941,61.19716736745584,51.06508447625941
Franz Wagner,ORL,41754690,509203.53658536583,0.588,1.8,20.6,3.3,1.3,3.9,1.2,1.1,34.0,30.0,19.2,86.85376661742983,38.297872340425535,86.19246861924688,50.76923076923077,46.42857142857144,61.904761904761905,52.17391304347826,33.333333333333336,42.5,88.75739644970415,88.07339449541284,61.708381954980894,49.13733609385783,73.11026364837232,60.85479087021648,5.092035365853659,11.950975690054822,26.968020437424165,37.34456034631251,43.94571066533443,37.34456034631251
GG Jackson II,MEM,2406205,29343.963414634145,0.591,0.4,12.5,1.5,0.9,3.4,1.4,0.9,55.0,21.4,15.6,87.29689807976365,8.51063829787234,52.30125523012552,23.076923076923077,32.142857142857146,53.96825396825397,60.86956521739131,27.272727272727277,68.75,63.31360946745562,71.55963302752293,40.66571436550834,47.37018215279085,67.87441416499286,51.10784335302975,0.29343963414634144,174.16816750644438,94.34701596766908,73.82983931963855,65.31061908486129,73.82983931963855
Gary Harris,DET,3815861,46534.89024390244,0.593,0.4,2.7,1.1,0.3,0.9,0.8,0.3,48.0,13.8,8.0,87.59231905465286,8.51063829787234,11.297071129707115,16.923076923076923,10.714285714285715,14.285714285714288,34.78260869565218,9.090909090909092,60.0,40.828402366863905,36.69724770642201,27.00747822391899,19.38641069075852,45.84188335776198,30.066636802797326,0.4653489024390244,64.61095458742813,44.07532308517129,37.82258811084183,35.037177447619634,37.82258811084183
Gary Payton II,GSW,2449421,29870.98780487805,0.632,2.0,7.5,1.7,1.4,2.2,1.2,1.5,73.0,15.6,18.3,93.3530280649926,42.5531914893617,31.380753138075317,26.153846153846157,50.0,34.920634920634924,52.17391304347826,45.45454545454546,91.25,46.15384615384615,83.94495412844036,48.688163769255155,44.18303113955289,73.78293342742883,54.684849572608485,0.29870987804878046,183.070107790939,100.05579096578428,78.57640340555005,69.63332044599288,78.57640340555005
Gary Trent Jr.,MIL,15200000,185365.8536585366,0.533,-0.2,8.1,1.2,0.1,0.9,0.5,0.2,65.0,21.2,8.0,78.72968980797637,-4.25531914893617,33.89121338912134,18.46153846153846,3.571428571428572,14.285714285714288,21.73913043478261,6.060606060606061,81.25,62.721893491124256,36.69724770642201,26.079710216225713,14.028483593700988,60.22304706584876,32.22529421945422,1.853658536585366,17.384698197337144,23.669115199466262,26.778606314213473,28.483341973331488,26.778606314213473
Giannis Antetokounmpo,MIA,58456566,712884.9512195121,0.658,3.9,27.6,5.4,2.7,7.1,1.6,1.1,36.0,28.9,32.6,97.19350073855243,82.97872340425532,115.0,83.07692307692308,96.42857142857144,112.6984126984127,69.56521739130436,33.333333333333336,45.0,85.50295857988166,115.0,94.93554372966045,71.86565447435014,81.83431952662723,83.16141412194497,7.128849512195122,11.66547476976237,31.146707342146282,46.13346040144292,56.145890754256904,46.13346040144292
Goga Bitadze,ORL,7608696,92788.9756097561,0.7,2.8,5.9,1.3,2.1,2.9,1.6,1.6,64.0,15.2,20.1,103.39734121122599,59.57446808510638,24.68619246861925,20.0,75.00000000000001,46.03174603174603,69.56521739130436,48.48484848484849,80.0,44.97041420118343,92.20183486238533,56.531600352990324,54.69393730263297,72.39074968785626,60.664539716328605,0.9278897560975611,65.37903809981296,62.97768853666721,62.0420290534431,61.57942520197438,62.0420290534431
Gradey Dick,TOR,7131511,86969.64634146342,0.538,0.2,6.0,0.7,0.6,1.4,0.7,1.3,76.0,14.0,10.7,79.4682422451994,4.25531914893617,25.10460251046025,10.769230769230768,21.42857142857143,22.22222222222222,30.434782608695656,39.3939393939394,95.0,41.42011834319527,49.08256880733944,28.205193220479607,30.683648074952426,61.83422905017824,39.136578619909955,0.8696964634146342,45.00027338992558,41.96613798578879,40.81055914488646,40.24475755952992,40.81055914488646
Grant Williams,CHO,14265750,173972.56097560975,0.609,1.1,7.0,1.6,1.3,2.7,1.0,0.8,36.0,19.8,12.9,89.95568685376661,23.404255319148938,29.288702928870297,24.615384615384617,46.42857142857144,42.85714285714286,43.47826086956522,24.242424242424246,45.0,58.579881656804744,59.174311926605505,42.73852022914838,36.859275989710774,54.25139786113675,44.193440477336104,1.7397256097560976,25.402534876480804,33.505602711146814,37.429462100680645,39.560489944775654,37.429462100680645
Grayson Allen,CHO,18125000,221036.58536585365,0.568,2.3,16.5,3.8,0.7,2.3,1.7,1.6,51.0,28.8,16.1,83.89955686853764,48.93617021276595,69.0376569037657,58.46153846153845,25.0,36.507936507936506,73.91304347826087,48.48484848484849,63.74999999999999,85.20710059171599,73.85321100917432,57.06698448932154,52.968609490348626,74.27010386696342,60.83447280296332,2.2103658536585367,27.522354592237196,40.91830802849705,47.95241673687446,51.910703699500935,47.95241673687446
Gui Santos,GSW,4629630,56458.90243902439,0.609,1.2,9.2,2.3,1.1,2.8,1.2,1.5,68.0,20.5,14.2,89.95568685376661,25.53191489361702,38.49372384937239,35.38461538461538,39.28571428571429,44.44444444444444,52.17391304347826,45.45454545454546,85.0,60.65088757396451,65.13761467889908,45.73033105341714,47.35763431415606,70.26283408428786,53.64336507132958,0.5645890243902438,95.01312061328932,71.39204098234585,63.679007247117966,60.140845204156804,63.679007247117966
Harrison Barnes,SAS,8000000,97560.9756097561,0.608,2.7,9.9,1.9,0.8,2.0,0.8,2.1,77.0,25.8,11.8,89.807976366322,57.446808510638306,41.42259414225941,29.230769230769226,28.571428571428577,31.746031746031743,34.78260869565218,63.63636363636365,96.25,76.33136094674558,54.12844036697248,49.2959153642835,43.38833469268252,75.56993377123935,55.16954345802591,0.9756097560975611,56.54878204447655,55.85490567981638,55.579744973285436,55.44267336468881,55.579744973285436
Harrison Ingram,UTA,2449421,29870.98780487805,0.917,0.1,1.6,0.1,0.4,0.0,0.0,0.0,7.0,3.7,15.8,115.0,2.127659574468085,6.6945606694560675,1.5384615384615385,14.285714285714288,0.0,0.0,0.0,8.75,10.946745562130179,72.47706422018348,27.929279213619992,0.0,30.724603260771218,19.271921495134563,0.29870987804878046,64.51718845396664,35.261454748374284,27.69173344421712,24.54003065874596,27.69173344421712
Haywood Highsmith,PHO,1000000,12195.121951219513,0.729,0.4,5.4,1.0,0.9,1.0,0.6,0.1,7.0,13.0,17.6,107.68094534711963,8.51063829787234,22.59414225941423,15.384615384615385,32.142857142857146,15.873015873015872,26.08695652173913,3.0303030303030307,8.75,38.46153846153847,80.73394495412845,37.26263968637575,14.996758475019343,42.648494471888974,31.30799651016854,0.12195121951219513,256.725571383382,89.65245837645473,58.85717761004244,47.68898149644132,58.85717761004244
Herbert Jones,NOP,14898786,181692.51219512196,0.491,-0.4,8.9,2.8,0.8,2.6,2.1,1.1,56.0,28.4,9.1,72.52584933530281,-8.51063829787234,37.23849372384937,43.07692307692307,28.571428571428577,41.26984126984127,91.30434782608697,33.333333333333336,70.0,84.02366863905326,41.74311926605505,34.5804112819263,55.30250747642052,65.25559596836943,50.82847939398728,1.8169251219512197,27.974999508731493,37.708443166966774,42.49188607550854,45.10656041686595,42.49188607550854
Hugo González,BOS,2923560,35653.170731707316,0.561,0.5,3.9,0.5,0.8,2.5,0.8999999999999999,1.7,74.0,14.6,10.2,82.86558345642541,10.638297872340425,16.317991631799163,7.6923076923076925,28.571428571428577,39.682539682539684,39.130434782608695,51.515151515151516,92.5,43.19526627218935,46.78899082568807,29.21712184486025,43.44270866009996,60.82808569929247,43.53711051837142,0.3565317073170732,122.11287137963498,72.9139326670208,59.32396290081559,53.51061846897511,59.32396290081559
Immanuel Quickley,TOR,32500000,396341.46341463417,0.577,3.9,16.4,5.9,0.5,3.5,1.4000000000000001,2.6,70.0,31.9,16.6,85.22895125553913,82.97872340425532,68.6192468619247,90.76923076923077,17.857142857142858,55.55555555555556,60.86956521739132,78.7878787878788,87.5,94.37869822485207,76.14678899082568,69.09065902961855,65.07099985360855,86.00849573855926,72.79932592245737,3.963414634146342,18.36782992505078,36.56727549602291,48.16222091746845,55.27305336464926,48.16222091746845
Isaac Okoro,CHI,11814814,144083.0975609756,0.574,1.4,9.3,1.6,1.1,1.7,1.2,0.7,63.0,26.9,9.8,84.7858197932053,29.78723404255319,38.912133891213394,24.615384615384617,39.28571428571429,26.984126984126984,52.17391304347826,21.21212121212121,78.75,79.58579881656806,44.95412844036697,43.47725732561416,33.45672041324215,67.763309085645,47.356090303416934,1.4408309756097561,32.867207260987676,39.45202700841178,42.44161770119565,44.020323796718976,42.44161770119565
Isaiah Collier,UTA,2763960,33706.829268292684,0.567,1.3,11.7,7.2,0.4,2.2,1.4000000000000001,0.3,59.0,25.7,14.8,83.75184638109305,27.659574468085108,48.95397489539749,110.76923076923077,14.285714285714288,34.920634920634924,60.86956521739132,9.090909090909092,73.75,76.03550295857988,67.88990825688074,57.08406815990414,34.96036974297845,72.55847040515354,54.20433137172422,0.3370682926829268,160.8111250698775,93.36305217561939,75.11360763773786,67.3737020116221,75.11360763773786
Isaiah Crawford,HOU,2449421,29870.98780487805,0.526,0.0,2.0,0.4,0.2,0.9,0.30000000000000004,0.1,14.0,6.6,9.8,77.6957163958641,0.0,8.368200836820085,6.153846153846154,7.142857142857144,14.285714285714288,13.043478260869568,3.0303030303030307,17.5,19.526627218934912,44.95412844036697,19.872124105877496,10.119831858962295,27.326918553100626,18.792783076093265,0.29870987804878046,62.91316242653459,34.38478463089286,27.00326170120359,23.929916535147804,27.00326170120359
Isaiah Hartenstein,OKC,23148148,282294.48780487804,0.631,2.5,9.2,3.5,3.2,6.3,1.8,2.8,47.0,24.2,19.8,93.205317577548,53.191489361702125,38.49372384937239,53.84615384615385,114.2857142857143,100.0,78.26086956521739,84.84848484848484,58.75,71.59763313609467,90.82568807339449,70.60447978409813,87.70311813790074,73.72444040316304,77.3540050101105,2.8229448780487805,27.401882910153592,46.03960673071049,56.659414825486316,62.85536094363163,56.659414825486316
Isaiah Jackson,LAC,7000000,85365.85365853658,0.653,1.4,6.7,0.9,2.1,3.2,1.6,1.2,55.0,16.5,17.3,96.4549483013294,29.78723404255319,28.03347280334728,13.846153846153847,75.00000000000001,50.793650793650805,69.56521739130436,36.36363636363637,68.75,48.816568047337284,79.35779816513761,48.62436179867675,52.24083484953051,65.6414554041583,54.959090717611495,0.8536585365853658,64.38064912634489,59.48362745994485,57.63075146861858,56.726070621582295,57.63075146861858
Isaiah Joe,DET,11323006,138085.43902439025,0.657,3.2,11.1,1.3,0.5,2.1,0.8999999999999999,2.4,71.0,21.2,15.5,97.04579025110782,68.08510638297872,46.44351464435147,20.0,17.857142857142858,33.333333333333336,39.130434782608695,72.72727272727273,88.75,62.721893491124256,71.10091743119266,49.88631082711617,48.39701361440492,74.19093697410564,56.67133761889119,1.3808543902439026,41.040777376158566,48.22691935865315,51.44214840238247,53.12927461572915,51.44214840238247
Isaiah Stewart,MEM,15000000,182926.82926829267,0.632,1.9,10.0,1.1,1.7,3.3,1.9000000000000001,2.1,58.0,22.7,15.2,93.3530280649926,40.42553191489361,41.84100418410042,16.923076923076923,60.71428571428572,52.38095238095239,82.60869565217392,63.63636363636365,72.5,67.15976331360946,69.72477064220183,50.651385360269856,66.20867055649666,69.7948446519371,61.68390011448714,1.8292682926829267,33.72053206258631,45.60716973849544,51.46223021053527,54.66588002783241,51.46223021053527
Ivica Zubac,IND,20342140,248074.8780487805,0.622,2.6,14.1,2.2,3.4,7.2,1.2000000000000002,1.6,48.0,30.1,18.6,91.87592319054653,55.319148936170215,58.995815899581594,33.84615384615385,115.0,114.2857142857143,52.17391304347827,48.48484848484849,60.0,89.05325443786984,85.3211009174312,71.00740837449044,71.64815860468036,78.12478511843368,73.36047647593799,2.480748780487805,29.571908712784964,46.57691824791382,55.858247687041825,61.17100082680239,55.858247687041825
Ja Morant,POR,42166510,514225.73170731706,0.521,0.0,19.5,8.1,0.4,2.9,1.3,0.3,20.0,28.5,16.6,76.95716395864106,0.0,81.58995815899583,115.0,14.285714285714288,46.03174603174603,56.52173913043479,9.090909090909092,25.0,84.31952662721895,76.14678899082568,57.566567280670235,37.2147980843633,61.822105206014875,51.92362713152927,5.14225731707317,10.09743852357096,22.897502765180267,31.770121893414533,37.422626196118756,31.770121893414533
Ja'Kobe Walter,TOR,3811800,46485.365853658535,0.61,1.9,7.5,1.2,0.8,1.8,1.2,1.9,72.0,20.5,11.8,90.10339734121122,40.42553191489361,31.380753138075317,18.46153846153846,28.571428571428577,28.571428571428577,52.17391304347826,57.57575757575758,90.0,60.65088757396451,54.12844036697248,41.78852988542944,46.10703306355481,68.25977598031233,51.19819479445693,0.46485365853658533,110.1383066568411,75.09249282417372,64.42579292782298,59.67485847664396,64.42579292782298
Jabari Smith Jr.,HOU,23643411,288334.2804878049,0.57,3.4,15.8,1.9,1.4,5.5,1.6,3.3,77.0,35.1,13.5,84.19497784342687,72.34042553191489,66.10878661087867,29.230769230769226,50.0,87.3015873015873,69.56521739130436,100.0,96.25,103.84615384615385,61.92660550458715,60.37499184339792,85.62226823096388,87.34091978358033,77.04884419722507,2.883342804878049,26.722054716100207,45.37514110667346,56.0786105276862,62.3428816202418,56.0786105276862
Jabari Walker,PHI,2584539,31518.768292682926,0.568,0.9,4.3,0.5,1.1,1.9,0.6000000000000001,0.8,64.0,11.9,12.5,83.89955686853764,19.148936170212767,17.99163179916318,7.6923076923076925,39.28571428571429,30.158730158730158,26.086956521739136,24.242424242424246,80.0,35.20710059171598,57.3394495412844,33.60362936318711,26.82937030763118,57.515516711000124,38.473947488642,0.31518768292682925,122.06678614904413,68.53022048998248,54.399633856553265,48.46775460785611,54.399633856553265
Jaden Hardy,LAL,6000000,73170.73170731707,0.566,-0.3,9.2,1.0,0.3,1.2,0.4,0.1,57.0,15.8,10.9,83.60413589364843,-6.382978723404255,38.49372384937239,15.384615384615385,10.714285714285715,19.047619047619047,17.39130434782609,3.0303030303030307,71.25,46.74556213017752,50.0,28.362756423703537,13.156408808582723,55.998520710059175,31.48332752046915,0.7317073170731707,43.02721427797451,36.805432743100276,34.57637087780349,33.51298774758043,34.57637087780349
Jaden McDaniels,MIN,26200001,319512.2073170732,0.611,2.5,14.8,2.7,1.0,3.2,2.1,2.7,73.0,31.7,14.0,90.25110782865583,53.191489361702125,61.92468619246863,41.53846153846154,35.714285714285715,50.793650793650805,91.30434782608697,81.81818181818183,91.25,93.78698224852072,64.22018348623853,56.524006127114774,74.63872681263986,83.0857219115864,70.65152589553479,3.1951220731707317,22.112308787445667,39.52554056437785,49.86264466236904,56.00464579502461,49.86264466236904
Jae'Sean Tate,HOU,2449421,29870.98780487805,0.567,0.4,2.8,0.5,0.7,0.9,0.30000000000000004,0.4,46.0,8.8,10.7,83.75184638109305,8.51063829787234,11.715481171548117,7.6923076923076925,25.0,14.285714285714288,13.043478260869568,12.121212121212123,57.49999999999999,26.035502958579887,49.08256880733944,27.334054708564242,13.150134889265326,44.206023921973106,27.57311273402527,0.29870987804878046,92.30733484321692,50.44998067204227,39.619676130931914,35.11040827043978,39.619676130931914
Jaime Jaquez Jr.,MIL,5939141,72428.5487804878,0.57,2.2,15.4,4.7,1.3,3.7,1.0,2.0,75.0,28.3,15.7,84.19497784342687,46.808510638297875,64.43514644351464,72.3076923076923,46.42857142857144,58.730158730158735,43.47826086956522,60.60606060606061,93.75,83.72781065088758,72.0183486238532,62.834979732300624,54.27149340192818,83.16538642491359,66.02251638775789,0.7242854878048781,91.15537657375278,77.57775031330075,72.7309295181485,70.42228561243988,72.7309295181485
Jake LaRavia,LAL,6000000,73170.73170731707,0.571,1.7,8.2,1.8,1.4,2.6,1.8,2.1,82.0,25.1,11.9,84.34268833087147,36.170212765957444,34.30962343096235,27.692307692307693,50.0,41.26984126984127,78.26086956521739,63.63636363636365,102.49999999999999,74.26035502958581,54.58715596330275,46.50296644401978,61.05569149047411,77.11583699762951,60.634754125897175,0.7317073170731707,82.8674973053928,70.88476792753814,66.59174591308272,64.54374210532825,66.59174591308272
Jakob Poeltl,TOR,19500000,237804.8780487805,0.698,2.6,10.7,2.0,2.5,4.5,1.6,1.8,46.0,25.0,18.1,103.10192023633678,55.319148936170215,44.76987447698745,30.76923076923077,89.28571428571429,71.42857142857143,69.56521739130436,54.545454545454554,57.49999999999999,73.96449704142013,83.02752293577981,64.6491777408879,65.17974778844345,71.49733999239997,66.88402023251041,2.3780487804878048,28.125587995209507,43.37225376347008,51.5770076348735,56.24426137285395,51.5770076348735
Jalen Brunson,NYK,37739521,460238.06097560975,0.58,6.5,26.0,6.8,0.4,2.9,0.9,2.2,74.0,35.0,20.1,85.67208271787295,115.0,108.78661087866111,104.61538461538463,14.285714285714288,46.03174603174603,39.130434782608695,66.66666666666667,92.5,103.55029585798819,92.20183486238533,85.6719584995266,50.60961582700713,96.08404357345785,76.87438751304936,4.602380609756097,16.703179078690606,35.83359682190891,48.62805611896831,56.6480757802548,48.62805611896831
Jalen Green,PHO,36251166,442087.39024390245,0.516,-0.6,17.8,2.8,0.5,3.1,1.4000000000000001,1.0,32.0,25.9,14.8,76.21861152141803,-12.76595744680851,74.47698744769875,43.07692307692307,17.857142857142858,49.20634920634921,60.86956521739132,30.303030303030305,40.0,76.62721893491124,67.88990825688074,39.772741491274836,46.79298157559028,61.50570906393066,48.67951339173884,4.420873902439024,11.011287466236492,23.1521946189329,31.16691309538282,36.16134727720119,31.16691309538282
Jalen Johnson,ATL,30000000,365853.65853658534,0.581,3.6,22.5,7.9,1.4,8.9,1.6,3.9,72.0,35.2,20.4,85.81979320531757,76.59574468085107,94.14225941422595,115.0,50.0,115.0,69.56521739130436,115.0,90.0,104.14201183431955,93.57798165137613,84.31155946007891,99.85507246376812,95.9066644952319,93.07488539187914,3.6585365853658534,25.4404686737803,48.660751187459,63.07253543421582,71.80770217457493,63.07253543421582
Jalen Pickett,DEN,2406205,29343.963414634145,0.541,0.6,5.2,2.3,0.4,1.9,0.4,0.4,50.0,16.1,10.3,79.91137370753324,12.76595744680851,21.75732217573222,35.38461538461538,14.285714285714288,30.158730158730158,17.39130434782609,12.121212121212123,62.5,47.63313609467457,47.24770642201835,32.82099660008073,19.890415542589455,52.46028083889764,34.31638431217877,0.29343963414634144,116.94529408752202,63.349346132443806,49.57307868184443,43.85284443918047,49.57307868184443
Jalen Smith,CHI,9428571,114982.5731707317,0.608,1.5,10.2,1.2,1.8,4.8,1.3,1.1,53.0,20.7,16.6,89.807976366322,31.914893617021274,42.67782426778243,18.46153846153846,64.28571428571429,76.19047619047619,56.52173913043479,33.333333333333336,66.25,61.24260355029586,76.14678899082568,49.429589399675685,55.34851621808144,67.87979751370717,56.9770869521431,1.149825731707317,49.5528021168397,53.135433704200786,54.6399929233243,55.40817383802635,54.6399929233243
Jalen Suggs,ORL,32400000,395121.9512195122,0.561,0.3,13.8,5.5,0.6,3.2,2.5,2.4,57.0,27.6,15.6,82.86558345642541,6.382978723404255,57.74058577405859,84.61538461538461,21.42857142857143,50.793650793650805,108.69565217391306,72.72727272727273,71.25,81.65680473372781,71.55963302752293,50.60662079956886,77.4055252316122,74.82214592041692,66.98290584271801,3.951219512195122,16.952463824391597,33.69755611541148,44.35520969457949,50.88827770064976,44.35520969457949
Jalen Williams,OKC,41500000,506097.56097560975,0.56,1.3,17.1,5.5,0.8,3.8,1.5,1.7,33.0,28.4,19.0,82.7178729689808,27.659574468085108,71.54811715481173,84.61538461538461,28.571428571428577,60.317460317460316,65.21739130434783,51.515151515151516,41.25,84.02366863905326,87.1559633027523,59.02247555573816,59.016667712319894,70.80987731393519,62.55672141643507,5.060975609756097,12.360605195536568,27.807174177821828,38.459506399331616,45.23005652642796,38.459506399331616
Jamal Cain,ORL,2584539,31518.768292682926,0.624,0.8,5.4,0.7,0.7,1.3,0.4,0.4,40.0,12.2,13.0,92.17134416543574,17.02127659574468,22.59414225941423,10.769230769230768,25.0,20.634920634920636,17.39130434782609,12.121212121212123,50.0,36.09467455621302,59.63302752293578,33.51119875796509,16.715812367986285,48.5759006930496,32.32017796589765,0.31518768292682925,102.54264273836098,57.56905820314667,45.69860807868799,40.71551158081224,45.69860807868799
Jamal Murray,DEN,50105628,611044.243902439,0.622,7.8,25.4,7.1,0.4,4.0,1.3,1.7,75.0,35.4,21.8,91.87592319054653,115.0,106.27615062761507,109.23076923076923,14.285714285714288,63.49206349206349,56.52173913043479,51.515151515151516,93.75,104.73372781065089,100.0,87.33371146692903,57.17631804588327,99.49457593688362,80.72845704475985,6.11044243902439,13.211556749014918,32.65805553775757,46.90345714429102,56.20981040980994,46.90345714429102
Jamal Shead,TOR,2296271,28003.30487804878,0.491,0.8,6.6,5.4,0.3,1.4,1.1,2.0,82.0,22.6,10.5,72.52584933530281,17.02127659574468,27.615062761506277,83.07692307692308,10.714285714285715,22.22222222222222,47.82608695652175,60.60606060606061,102.49999999999999,66.8639053254438,48.1651376146789,42.19067949675251,43.55145659493487,72.5096809800409,51.74904415512103,0.2800330487804878,184.79620309275012,97.79072999801893,75.81227788970968,66.75141475093302,75.81227788970968
Jamaree Bouyea,PHO,2584539,31518.768292682926,0.523,0.4,5.7,1.8,0.4,1.4,0.8999999999999999,0.8,46.0,14.0,13.5,77.25258493353027,8.51063829787234,23.84937238493724,27.692307692307693,14.285714285714288,22.22222222222222,39.130434782608695,24.242424242424246,57.49999999999999,41.42011834319527,61.92660550458715,30.318123518872362,28.531693749085054,53.61557461592747,36.69997272626121,0.31518768292682925,116.43847369118514,65.37039703683907,51.891350099791104,46.232980713417945,51.891350099791104
James Harden,CLE,42317307,516064.7195121951,0.61,5.6,23.6,8.0,0.6,4.2,1.5,2.1,70.0,34.8,20.7,90.10339734121122,115.0,98.744769874477,115.0,21.42857142857143,66.66666666666667,65.21739130434783,63.63636363636365,87.5,102.9585798816568,94.95412844036697,88.05534772885194,65.17347386912606,95.1375694406746,82.40017713009195,5.160647195121951,15.967023905059792,36.27238064998408,50.3636148830143,59.34543414787392,50.3636148830143
Jamison Battle,TOR,2296271,28003.30487804878,0.635,0.4,3.1,0.4,0.3,1.1,0.1,0.5,61.0,8.5,10.6,93.79615952732644,8.51063829787234,12.97071129707113,6.153846153846154,10.714285714285715,17.460317460317462,4.347826086956522,15.151515151515152,76.25,25.14792899408284,48.62385321100917,26.429128198080356,12.319886232929713,50.00726073503066,28.705425691014227,0.2800330487804878,102.50727839454345,54.24495426067456,42.0534088109186,37.027307599330044,42.0534088109186
Jarace Walker,IND,8478542,103396.85365853658,0.543,-1.0,11.6,2.5,0.6,4.5,1.1,1.5,76.0,25.7,11.5,80.20679468242245,-21.27659574468085,48.53556485355649,38.46153846153847,21.42857142857143,71.42857142857143,47.82608695652175,45.45454545454546,95.0,76.03550295857988,52.752293577981646,33.471174736281604,54.90306794654621,74.59593217885384,53.09544566054324,1.0339685365853657,51.35112315495455,52.216001082826644,52.566017268768775,52.74190422167066,52.566017268768775
Jared McCain,OKC,4422600,53934.14634146341,0.551,0.2,8.3,1.3,0.3,1.7,0.6,1.2,67.0,17.3,11.6,81.38847858197931,4.25531914893617,34.728033472803354,20.0,10.714285714285715,26.984126984126984,26.08695652173913,36.36363636363637,83.75,51.18343195266273,53.21100917431192,30.217223383600913,29.81157328983416,62.71481370899155,39.82857944933741,0.5393414634146342,73.8466855434737,54.23291050864298,47.93311731473406,45.0632027702135,47.93311731473406
Jaren Jackson Jr.,UTA,49000000,597560.9756097561,0.576,0.1,19.4,2.0,0.9,4.8,2.5,1.3,48.0,30.3,15.7,85.08124076809452,2.127659574468085,81.17154811715481,30.76923076923077,32.142857142857146,76.19047619047619,108.69565217391306,39.3939393939394,60.0,89.6449704142012,72.0183486238532,46.258507274361065,74.76002258610956,73.8877730126848,64.23780220185267,5.975609756097561,10.749999552146773,26.278438783550467,37.57301150704621,44.927704355948116,37.57301150704621
Jarred Vanderbilt,LAL,12428571,151567.93902439025,0.544,0.4,4.4,1.3,1.2,3.3,1.1,1.5,65.0,17.4,11.2,80.35450516986707,8.51063829787234,18.410041841004187,20.0,42.85714285714286,52.38095238095239,47.82608695652175,45.45454545454546,81.25,51.4792899408284,51.376146788990816,34.026465633177295,48.55386159733987,61.36847890993974,47.1683842440213,1.5156793902439025,31.120291367444786,38.3131029936957,41.63598046908353,43.403977598877475,41.63598046908353
Jarrett Allen,CLE,28000000,341463.4146341463,0.669,4.2,15.4,1.8,2.6,5.9,1.8,2.2,56.0,27.1,22.1,98.81831610044313,89.36170212765957,64.43514644351464,27.692307692307693,92.85714285714288,93.65079365079366,78.26086956521739,66.66666666666667,70.0,80.17751479289942,101.37614678899082,74.63292304421358,79.52610996089258,83.85122052729675,79.06209584080939,3.4146341463414633,23.153899496237038,42.78546273046443,54.69719674138274,61.84427276928566,54.69719674138274
Jase Richardson,ORL,3132360,38199.51219512195,0.574,0.5,4.4,1.1,0.4,0.8,0.4,0.5,54.0,10.9,11.5,84.7858197932053,10.638297872340425,18.410041841004187,16.923076923076923,14.285714285714288,12.698412698412701,17.39130434782609,15.151515151515152,67.5,32.248520710059175,52.752293577981646,29.008590143068226,15.080410732584648,50.833604762680274,30.82051352938742,0.3819951219512195,80.6830028926997,49.866738235481726,41.13604415983044,37.36184438351742,41.13604415983044
Javonte Green,DET,3943679,48093.64634146341,0.607,2.0,6.9,0.7,0.8,2.0,1.5,2.7,82.0,17.6,14.1,89.66026587887738,42.5531914893617,28.870292887029294,10.769230769230768,28.571428571428577,31.746031746031743,65.21739130434783,81.81818181818183,102.49999999999999,52.07100591715977,64.6788990825688,40.08488191918555,59.593868289520465,73.08330166657619,56.61746320931662,0.48093646341463414,117.72337411751724,81.6406688052906,70.52191467551779,65.54398847131989,70.52191467551779
Jaxson Hayes,UTA,6000000,73170.73170731707,0.758,3.8,7.5,0.9,1.5,2.6,1.2000000000000002,1.2,66.0,18.3,18.3,111.96454948301329,80.85106382978722,31.380753138075317,13.846153846153847,53.57142857142857,41.26984126984127,52.17391304347827,36.36363636363637,82.5,54.14201183431954,83.94495412844036,58.322789773691646,43.26913022565197,73.5289886542533,57.76640519152666,0.7317073170731707,78.94742042841976,67.53153838980647,63.44159933161776,61.49047708336236,63.44159933161776
Jay Huff,IND,2667944,32535.90243902439,0.598,1.3,9.5,1.5,0.9,3.1,2.4,1.9,82.0,21.0,15.2,88.33087149187591,27.659574468085108,39.7489539748954,23.076923076923077,32.142857142857146,49.20634920634921,104.34782608695652,57.57575757575758,102.49999999999999,62.130177514792905,69.72477064220183,42.19183603092732,70.37664428968776,78.11831605233156,62.55261484532714,0.3253590243902439,192.257199450844,109.66398929680555,87.60655683920277,78.30200766223359,87.60655683920277
Jaylen Brown,PHI,57078728,696082.0487804879,0.573,3.5,28.7,5.1,1.1,5.8,1.4,3.4,71.0,34.4,22.0,84.63810930576071,74.46808510638297,115.0,78.46153846153847,39.28571428571429,92.06349206349206,60.86956521739131,103.03030303030303,88.75,101.77514792899409,100.91743119266054,78.37068943187928,85.3211201037288,97.14752637388489,86.3668869429098,6.960820487804878,12.407572798956913,32.73535454464232,48.25575731711335,58.58887772528108,48.25575731711335
Jaylen Clark,MIN,3086420,37639.26829268293,0.534,0.6,4.0,0.6,0.8,1.0,0.7999999999999999,1.0,68.0,13.1,10.3,78.87740029542097,12.76595744680851,16.73640167364017,9.23076923076923,28.571428571428577,15.873015873015872,34.78260869565217,30.303030303030305,85.0,38.757396449704146,47.24770642201835,29.236391443613492,26.986218290566114,57.001700957240836,36.80092542566558,0.3763926829268293,97.77269084909304,59.98437717109455,49.33627864707063,44.74355690200639,49.33627864707063
Jaylen Wells,MEM,2296271,28003.30487804878,0.559,0.9,12.5,1.6,0.9,2.3,1.0,0.7,69.0,26.4,11.5,82.57016248153619,19.148936170212767,52.30125523012552,24.615384615384617,32.142857142857146,36.507936507936506,43.47826086956522,21.21212121212121,86.25,78.10650887573965,52.752293577981646,42.15571912802325,33.73277286320765,72.3696008179071,48.3560819049511,0.2800330487804878,172.67991087315,91.37901243459406,70.8415929006668,62.37481158669971,70.8415929006668
Jaylin Williams,OKC,7774648,94812.78048780488,0.597,1.3,7.2,2.4,0.5,5.0,1.1,2.8,65.0,19.6,13.8,88.18316100443131,27.659574468085108,30.125523012552303,36.92307692307692,17.857142857142858,79.36507936507937,47.82608695652175,84.84848484848484,81.25,57.98816568047338,63.30275229357798,40.149695653057705,70.67988372336198,67.51363932468378,58.73914269844899,0.9481278048780488,61.952768810534145,60.32455990495069,59.685321668901636,59.36824722391148,59.685321668901636
Jaylon Tyson,CLE,3658560,44616.58536585366,0.608,2.3,13.2,2.2,1.8,3.3,1.2000000000000002,1.7,66.0,26.9,14.8,89.807976366322,48.93617021276595,55.23012552301255,33.84615384615385,64.28571428571429,52.38095238095239,52.17391304347827,51.515151515151516,82.5,79.58579881656806,67.88990825688074,58.42122804679373,52.02333897986072,76.65856902448293,61.717148057343266,0.44616585365853656,138.3278158811704,92.39696041097409,78.62432868068527,72.52814722135025,78.62432868068527
Jayson Tatum,BOS,58456566,712884.9512195121,0.541,0.6,21.8,5.3,0.5,9.5,1.5999999999999999,1.0,16.0,32.6,20.3,79.91137370753324,12.76595744680851,91.21338912133892,81.53846153846153,17.857142857142858,115.0,69.56521739130434,30.303030303030305,20.0,96.44970414201185,93.11926605504587,56.657264934257014,71.62274923144489,69.85632339901925,65.70524713472956,7.128849512195122,9.21680939151955,24.608793933541083,36.44972189159995,44.360472540768015,36.44972189159995
Jerami Grant,MEM,34206898,417157.2926829268,0.608,2.6,18.6,2.1,1.0,2.5,1.2999999999999998,1.4,57.0,29.7,15.4,89.807976366322,55.319148936170215,77.82426778242679,32.30769230769231,35.714285714285715,39.682539682539684,56.52173913043478,42.42424242424242,71.25,87.86982248520711,70.64220183486239,58.19467422137941,46.209507079072296,76.58734144002317,59.637517558588115,4.171572926829268,14.296170438501106,29.19911155406407,38.85345154226239,44.81873447218769,38.85345154226239
Jeremiah Fears,NOP,7896240,96295.60975609756,0.525,-0.8,14.3,3.4,0.7,2.9,1.6,1.4,82.0,25.8,13.8,77.5480059084195,-17.02127659574468,59.83263598326361,52.307692307692314,25.0,46.03174603174603,69.56521739130436,42.42424242424242,102.49999999999999,76.33136094674558,63.30275229357798,39.53341152072615,52.67373528243095,80.71137108010785,56.35450946752029,0.9629560975609757,58.52240783381284,57.42822987288298,56.996308385246095,56.78156736396747,56.996308385246095
Jeremy Sochan,POR,2449421,29870.98780487805,0.563,0.5,3.6,0.9,0.8,1.6,0.6000000000000001,0.7,44.0,10.7,12.2,83.16100443131461,10.638297872340425,15.062761506276152,13.846153846153847,28.571428571428577,25.396825396825403,26.086956521739136,21.21212121212121,55.00000000000001,31.65680473372781,55.96330275229357,30.25592924550272,24.231967710228584,47.5400358286738,33.39301429846084,0.29870987804878046,111.79079351707155,61.0985398053984,47.98226534315031,42.521219011765666,47.98226534315031
Jericho Sims,MIL,2801346,34162.756097560974,0.772,2.5,5.0,1.6,2.2,3.3,0.6,0.7,67.0,19.7,12.9,114.03249630723782,53.191489361702125,20.92050209205021,24.615384615384617,78.57142857142858,52.38095238095239,26.08695652173913,21.21212121212121,83.75,58.28402366863905,59.174311926605505,58.26626018956067,33.226676704937574,67.06944519841485,52.39375730744507,0.34162756097560976,153.36513587434382,89.64025718628716,72.31254956406379,64.94847586357668,72.31254956406379
Jevon Carter,ORL,2449421,29870.98780487805,0.537,0.1,6.4,1.6,0.3,1.4,1.0,0.8,53.0,16.4,10.7,79.3205317577548,2.127659574468085,26.77824267782427,24.615384615384617,10.714285714285715,22.22222222222222,43.47826086956522,24.242424242424246,66.25,48.5207100591716,49.08256880733944,28.711220867943496,29.980969111403898,54.61775962217035,36.91489689698809,0.29870987804878046,123.58110531235846,67.5424589500674,53.042841900857084,47.005831870228285,53.042841900857084
Jimmy Butler,GSW,56832773,693082.5975609756,0.646,4.6,20.0,4.9,2.3,3.2,1.5999999999999999,1.1,38.0,31.1,23.5,95.42097488921713,97.8723404255319,83.68200836820084,75.3846153846154,82.14285714285714,50.793650793650805,69.56521739130434,33.333333333333336,47.5,92.01183431952664,107.79816513761466,86.90055924208448,51.2307338394295,82.43666648571377,73.43365077827058,6.930825975609756,10.595223576048607,27.89347500762952,41.08276085857981,49.85837514069867,41.08276085857981
Joan Beringer,MIN,4411200,53795.12195121951,0.683,1.0,3.9,0.3,1.1,1.2,0.8999999999999999,0.5,40.0,7.9,21.3,100.88626292466765,21.27659574468085,16.317991631799163,4.615384615384615,39.28571428571429,19.047619047619047,39.130434782608695,15.151515151515152,50.0,23.37278106508876,97.70642201834863,36.476389840449315,24.443189660580966,57.02640102781246,38.55010513550302,0.537951219512195,71.66096801576097,52.559850181669134,46.430429160000195,43.63922080985614,46.430429160000195
Jock Landale,ATL,14100000,171951.21951219512,0.595,2.7,10.6,1.7,2.7,3.0,1.0,1.1,68.0,22.1,16.6,87.88774002954209,57.446808510638306,44.35146443514644,26.153846153846157,96.42857142857144,47.61904761904762,43.47826086956522,33.333333333333336,85.0,65.3846153846154,76.14678899082568,62.45368611154888,41.476880607315394,75.51046812514703,59.238606844188936,1.7195121951219512,34.450821001585055,45.17542075921844,50.348119959904366,53.152510789029186,50.348119959904366
Joel Embiid,PHI,58100000,708536.5853658536,0.605,2.8,26.9,3.9,2.0,5.7,1.7999999999999998,1.3,38.0,31.6,24.7,89.36484490398817,59.57446808510638,112.55230125523012,60.0,71.42857142857143,90.47619047619048,78.26086956521739,39.3939393939394,47.5,93.49112426035504,113.30275229357798,78.58403713457923,69.37699981178243,84.76462551797768,77.30782095984785,7.085365853658536,10.91091449003016,29.043054658617802,42.964993277954704,52.25778240322774,42.964993277954704
John Collins,DET,17000000,207317.07317073172,0.643,2.7,13.6,1.0,1.6,3.7,1.6,1.8,69.0,27.1,16.3,94.9778434268833,57.446808510638306,56.903765690376574,15.384615384615385,57.14285714285715,58.730158730158735,69.56521739130436,54.545454545454554,86.25,80.17751479289942,74.77064220183486,56.371178031074145,60.94694355563922,80.39938566491143,65.13540059957747,2.073170731707317,31.418252053913836,45.237599777952134,52.339138249382806,56.297625109160364,52.339138249382806
John Konchar,UTA,6165000,75182.9268292683,0.568,1.2,4.4,2.1,1.3,3.0,2.2,1.2,56.0,19.9,13.6,83.89955686853764,25.53191489361702,18.410041841004187,32.30769230769231,46.42857142857144,47.61904761904762,95.6521739130435,36.36363636363637,70.0,58.875739644970416,62.38532110091742,41.31555546788452,59.8782859652425,63.75368691529595,54.35832327120966,0.7518292682926829,72.30141943615884,62.6911790499911,59.21480228318934,57.549586347604,59.21480228318934
Johni Broome,LAC,2150917,26230.69512195122,0.188,-0.3,0.9,0.4,0.6,0.8,0.5,0.1,11.0,5.0,0.4,27.76957163958641,-6.382978723404255,3.765690376569038,6.153846153846154,21.42857142857143,12.698412698412701,21.73913043478261,3.0303030303030307,13.750000000000002,14.792899408284024,1.834862385321101,10.546940175033754,12.489282054499448,10.125920597868376,11.081030540902477,0.2623069512195122,42.244517308385355,21.635914274185442,16.555305981135945,14.481654831736694,16.555305981135945
Johnny Furphy,IND,2296271,28003.30487804878,0.547,0.0,5.1,1.2,0.9,3.5,0.8,0.5,35.0,18.4,9.2,80.79763663220089,0.0,21.338912133891213,18.46153846153846,32.142857142857146,55.55555555555556,34.78260869565218,15.151515151515152,43.75,54.437869822485204,42.20183486238532,30.54818887409754,35.1632264675743,46.79656822829017,36.991815462137424,0.2800330487804878,132.0980349399208,69.90383488342061,54.19295832892979,47.71597343713947,54.19295832892979
Jonathan Isaac,ORL,10449421,127431.96341463414,0.498,0.1,2.6,0.4,0.8,1.7,1.0,0.8,52.0,10.0,11.5,73.55982274741505,2.127659574468085,10.87866108786611,6.153846153846154,28.571428571428577,26.984126984126984,43.47826086956522,24.242424242424246,65.0,29.585798816568047,52.752293577981646,24.258283627004793,31.568270698705486,49.112697464849894,34.200003382736554,1.2743196341463414,26.83785328760701,30.29611647095296,31.80113618407634,32.5814549452855,31.80113618407634
Jonathan Kuminga,ATL,24300000,296341.46341463417,0.557,0.1,12.2,2.3,1.4,4.3,0.8999999999999999,0.9,36.0,23.1,14.2,82.27474150664698,2.127659574468085,51.04602510460251,35.38461538461538,50.0,68.25396825396825,39.130434782608695,27.272727272727277,45.0,68.34319526627219,65.13761467889908,44.16660831406659,44.88571010310141,59.49360331505709,49.00920142263558,2.963414634146342,16.538084430683607,28.46960328153391,35.37853943981196,39.43838676610552,35.37853943981196
Jordan Clarkson,NYK,2449421,29870.98780487805,0.548,0.9,8.6,1.3,0.9,0.9,0.5,1.0,72.0,17.8,11.6,80.94534711964549,19.148936170212767,35.98326359832636,20.0,32.142857142857146,14.285714285714288,21.73913043478261,30.303030303030305,90.0,52.662721893491124,53.21100917431192,37.64408080620835,22.10929167450907,65.29124368926769,40.65640136634839,0.29870987804878046,136.106651818555,74.3882159012098,58.41899209283611,51.77010171281337,58.41899209283611
Jordan Goodwin,PHO,5864198,71514.60975609756,0.525,1.5,8.7,2.2,2.0,2.9,1.7,2.4,70.0,22.5,14.7,77.5480059084195,31.914893617021274,36.40167364016737,33.84615384615385,71.42857142857143,46.03174603174603,73.91304347826087,72.72727272727273,87.5,66.56804733727812,67.43119266055045,50.22785968806668,64.22402074575989,73.8330799992762,62.068120541045225,0.7151460975609756,86.79082603223337,73.39579996175222,68.63571511649292,66.37272375614543,68.63571511649292
Jordan Hawkins,NOP,7021895,85632.86585365854,0.48,-0.6,5.1,0.8,0.4,1.3,0.5,0.2,51.0,13.6,7.6,70.90103397341211,-12.76595744680851,21.338912133891213,12.307692307692308,14.285714285714288,20.634920634920636,21.73913043478261,6.060606060606061,63.74999999999999,40.23668639053255,34.862385321100916,21.213479050780283,16.1448857101031,46.28302390387782,27.011020770879302,0.8563286585365855,31.542820039492224,29.189103570661988,28.29755112768222,27.86203934301633,28.29755112768222
Jordan McLaughlin,SAS,2449421,29870.98780487805,0.542,0.1,2.0,0.9,0.2,0.6,0.5,0.5,44.0,6.4,12.0,80.05908419497784,2.127659574468085,8.368200836820085,13.846153846153847,7.142857142857144,9.523809523809524,21.73913043478261,15.151515151515152,55.00000000000001,18.93491124260355,55.04587155963303,22.3087911190554,15.471485036702427,42.9935942674122,26.189547995562428,0.29870987804878046,87.67553375414514,47.918499551746585,37.63163845913029,33.34863681922202,37.63163845913029
Jordan Miller,LAC,5300000,64634.14634146341,0.628,2.5,10.0,2.3,0.8,2.2,1.0,1.0,60.0,22.1,15.9,92.76218611521418,53.191489361702125,41.84100418410042,35.38461538461538,28.571428571428577,34.920634920634924,43.47826086956522,30.303030303030305,75.0,65.3846153846154,72.93577981651376,50.35014472341214,36.23397536441015,71.10679840037639,51.77764324444074,0.6463414634146342,80.10880652913472,64.40376701097121,59.02060726589839,56.50018572104553,59.02060726589839
Jordan Poole,NOP,34044642,415178.56097560975,0.53,0.0,13.4,3.1,0.2,1.7,1.0,0.2,39.0,23.9,11.5,78.28655834564255,0.0,56.06694560669456,47.69230769230769,7.142857142857144,26.984126984126984,43.47826086956522,6.060606060606061,48.75,70.71005917159763,52.752293577981646,37.83773375750039,25.507664638099424,57.40411758319309,39.51542540461187,4.1517856097560975,9.517694100522993,19.393187753774026,25.780787900455678,29.72485041965474,25.780787900455678
Jordan Walsh,BOS,2406205,29343.963414634145,0.623,1.9,5.4,0.8,1.3,2.8,1.2,1.9,68.0,17.8,13.1,92.02363367799113,40.42553191489361,22.59414225941423,12.307692307692308,46.42857142857144,44.44444444444444,52.17391304347826,57.57575757575758,85.0,52.662721893491124,60.09174311926605,42.75591431771255,51.39803835456009,65.9181550042524,52.64290869620267,0.29343963414634144,179.3994490531197,97.18080477466958,76.04737815900505,67.27227626545908,76.04737815900505
Jose Alvarado,NYK,4500000,54878.04878048781,0.543,1.0,7.4,3.4,0.4,2.1,1.1,1.2,69.0,19.9,12.1,80.20679468242245,21.27659574468085,30.962343096234314,52.307692307692314,14.285714285714288,33.333333333333336,47.82608695652175,36.36363636363637,86.25,58.875739644970416,55.5045871559633,39.80782802334885,39.17435221783049,66.87677560031123,47.713130522561315,0.5487804878048781,86.94392673000061,64.40781726011623,57.123960966087154,53.79701511646948,57.123960966087154
Josh Giddey,CHI,25000000,304878.0487804878,0.562,1.6,17.0,9.1,1.2,7.1,1.5,1.7,54.0,32.1,18.0,83.01329394387001,34.04255319148936,71.12970711297072,115.0,42.85714285714286,112.6984126984127,65.21739130434783,51.515151515151516,67.5,94.97041420118344,82.56880733944953,69.20853942109459,76.47698517263734,81.67974051354433,75.42117130435405,3.048780487804878,24.738144187828127,43.19467340473818,53.98280235598697,60.348717000852,53.98280235598697
Josh Green,MIN,14679012,179012.34146341463,0.644,1.0,4.3,0.8,0.8,1.0,0.7,0.9,58.0,15.7,9.7,95.12555391432791,21.27659574468085,17.99163179916318,12.307692307692308,28.571428571428577,15.873015873015872,30.434782608695656,27.272727272727277,72.5,46.44970414201184,44.49541284403669,35.054580467458564,24.52684191814627,54.481705662016175,37.303286919059666,1.7901234146341463,20.83838835585728,27.880824589121033,31.324360158323614,33.20247864381649,31.324360158323614
Josh Hart,NYK,20923760,255167.80487804877,0.612,3.1,12.0,4.8,1.4,6.0,1.4000000000000001,3.0,66.0,30.2,15.7,90.39881831610043,65.95744680851064,50.2092050209205,73.84615384615384,50.0,95.23809523809524,60.86956521739132,90.90909090909092,82.5,89.3491124260355,72.0183486238532,66.08232479833708,82.33891712152582,81.28915368329623,76.171614853709,2.5516780487804875,29.851577431609513,47.68482839327653,57.51026907610887,63.15794450432821,57.51026907610887
Josh Minott,BRK,4500000,54878.04878048781,0.653,1.2,7.4,0.9,1.0,2.2,1.4,1.2,49.0,17.0,16.0,96.4549483013294,25.53191489361702,30.962343096234314,13.846153846153847,35.714285714285715,34.920634920634924,60.86956521739131,36.36363636363637,61.25000000000001,50.29585798816568,73.39449541284402,40.50192917032406,44.05127883388753,61.646784467003236,48.052164644939396,0.5487804878048781,87.56172224188956,64.86547844394373,57.52986541546591,54.17927936127623,57.52986541546591
Josh Okogie,UTA,6000000,73170.73170731707,0.544,1.1,4.5,0.9,1.0,1.5,1.0,1.6,78.0,17.4,9.9,80.35450516986707,23.404255319148938,18.82845188284519,13.846153846153847,35.714285714285715,23.80952380952381,43.47826086956522,48.48484848484849,97.5,51.4792899408284,45.412844036697244,34.42953038646015,38.5908777213125,64.79737799250854,44.95474276212447,0.7317073170731707,61.43814844157011,52.554125993798074,49.37126983953268,47.852875221121394,49.37126983953268
Jrue Holiday,POR,34800000,424390.243902439,0.573,2.1,16.3,6.1,1.3,3.3,1.1,1.5,53.0,29.4,16.4,84.63810930576071,44.680851063829785,68.2008368200837,93.84615384615384,46.42857142857144,52.38095238095239,47.82608695652175,45.45454545454546,66.25,86.98224852071006,75.22935779816513,67.5589044928799,48.55386159733987,76.1538687729584,63.67567919241984,4.2439024390243905,15.004039349938008,30.909422450720363,41.270902743196295,47.689251680338224,41.270902743196295
Julian Champagnie,SAS,13888889,169376.69512195123,0.609,2.8,11.1,1.5,0.9,4.9,1.3,3.4,82.0,27.6,13.1,89.95568685376661,59.57446808510638,46.44351464435147,23.076923076923077,32.142857142857146,77.77777777777779,56.52173913043479,103.03030303030303,102.49999999999999,81.65680473372781,60.09174311926605,50.23868996060093,79.1099399795052,81.41618261766462,69.40816276414749,1.6937669512195124,40.97857896812404,53.33149049916967,59.25901827271557,62.46544206968896,59.25901827271557
Julian Phillips,HOU,2537526,30945.439024390245,0.534,0.1,2.9,0.2,0.5,0.5,0.6,0.3,48.0,8.9,9.3,78.87740029542097,2.127659574468085,12.133891213389122,3.076923076923077,17.857142857142858,7.936507936507936,26.08695652173913,9.090909090909092,60.0,26.331360946745562,42.6605504587156,22.814603403468823,14.371457849718718,42.99730380182039,25.998744034699257,0.3094543902439025,84.01478490645373,46.736269512159446,36.96352440819285,32.87252305177999,36.96352440819285
Julian Strawther,DEN,4826931,58865.01219512195,0.59,0.7,7.2,1.1,0.2,1.8,0.5,0.6,57.0,15.1,12.5,87.14918759231904,14.893617021276595,30.125523012552303,16.923076923076923,7.142857142857144,28.571428571428577,21.73913043478261,18.181818181818183,71.25,44.67455621301775,57.3394495412844,31.246852338416403,22.830792396009787,57.75466858476739,36.33773683190345,0.5886501219512195,61.730619729515155,47.36191522944811,42.599127468764344,40.40047094214642,42.599127468764344
Julius Randle,BRK,33333334,406504.0731707317,0.585,4.3,21.1,5.0,1.7,5.1,1.3,3.1,79.0,33.0,18.4,86.410635155096,91.48936170212765,88.2845188284519,76.92307692307693,60.71428571428572,80.95238095238095,56.52173913043479,93.93939393939394,98.75,97.63313609467457,84.40366972477064,80.76437566460764,77.13783800740323,93.59560193981507,83.38072074372037,4.065040731707318,20.511656892722073,41.35549220312903,54.745216093116504,62.987252452215266,54.745216093116504
Justin Champagnie,WAS,2667944,32535.90243902439,0.589,2.4,8.7,1.2,2.1,3.5,1.5,0.8,69.0,20.0,17.3,87.00147710487444,51.06382978723404,36.40167364016737,18.46153846153846,75.00000000000001,55.55555555555556,65.21739130434783,24.242424242424246,86.25,59.171597633136095,79.35779816513761,53.58570379876286,48.33845703410921,74.92646526609123,58.203868338979134,0.3253590243902439,178.8912062545649,102.0399932175706,81.51602474986164,72.85834102890162,81.51602474986164
Justin Edwards,PHI,2411090,29403.536585365855,0.572,0.8,6.0,1.3,0.4,1.1,1.0,0.9,64.0,15.3,12.1,84.4903988183161,17.02127659574468,25.10460251046025,20.0,14.285714285714288,17.460317460317462,43.47826086956522,27.272727272727277,80.0,45.26627218934912,55.5045871559633,32.180398442047064,29.40376853420332,60.25695311510413,39.65931067529731,0.2940353658536585,134.8793896276945,73.138386753737,57.25656510273759,50.66000723850301,57.25656510273759
Jusuf Nurkić,UTA,10576923,128986.86585365854,0.548,0.4,10.9,4.8,2.6,7.8,1.8,1.1,41.0,26.4,16.4,80.94534711964549,8.51063829787234,45.60669456066946,73.84615384615384,92.85714285714288,115.0,78.26086956521739,33.333333333333336,51.24999999999999,78.10650887573965,75.22935779816513,60.3531953362968,75.53140096618357,68.19528889130159,67.86641331695974,1.2898686585365855,52.6149797251119,59.75608722705915,62.876918666189574,64.49793342269166,62.876918666189574
Karl-Anthony Towns,NYK,57078728,696082.0487804879,0.619,5.5,20.1,3.0,3.1,8.7,1.4,4.0,75.0,31.0,22.0,91.43279172821269,115.0,84.10041841004185,46.15384615384615,110.71428571428572,115.0,60.86956521739131,115.0,93.75,91.71597633136096,100.91743119266054,89.48026840127729,96.95652173913044,95.4611358413405,93.81645476816632,6.960820487804878,13.477786840291252,35.5589395156432,52.418053190190044,63.64245594106941,52.418053190190044
Karlo Matković,NOP,2296271,28003.30487804878,0.696,1.8,5.7,0.8,1.2,2.5,1.3,0.9,62.0,14.7,16.5,102.80649926144756,38.297872340425535,23.84937238493724,12.307692307692308,42.85714285714286,39.682539682539684,56.52173913043479,27.272727272727277,77.5,43.49112426035503,75.68807339449542,44.023715830329095,41.15900202856725,65.55973255161682,49.51051815411638,0.2800330487804878,176.80241089303237,93.56056313538853,72.5328404040086,63.86392610329929,72.5328404040086
Kasparas Jakučionis,MIL,3841680,46849.756097560974,0.614,1.4,6.2,2.6,0.8,1.8,0.7,0.9,53.0,17.8,11.9,90.69423929098966,29.78723404255319,25.94142259414226,40.0,28.571428571428577,28.571428571428577,30.434782608695656,27.272727272727277,66.25,52.662721893491124,54.58715596330275,42.99886489982274,28.759646150950502,57.833292618931296,42.607858840938746,0.46849756097560974,90.94574313729872,62.24952518516344,53.490605005053055,49.58476318886935,53.490605005053055
Kawhi Leonard,LAC,50300000,613414.6341463415,0.629,6.5,27.9,3.6,1.1,5.3,2.3,2.7,65.0,32.1,27.9,92.90989660265878,115.0,115.0,55.38461538461539,39.28571428571429,84.12698412698413,100.0,81.81818181818183,81.25,94.97041420118344,115.0,83.51604525459769,88.64838864838866,97.07347140039447,89.32826985222565,6.134146341463414,14.562461486843944,36.06715249932324,51.8397242421561,62.14956538370121,51.8397242421561
Keegan Murray,SAC,24137936,294365.0731707317,0.499,-0.2,14.0,1.7,1.4,4.3,2.6,0.4,23.0,34.5,11.7,73.70753323485967,-4.25531914893617,58.577405857740594,26.153846153846157,50.0,68.25396825396825,113.04347826086958,12.121212121212123,28.749999999999996,102.07100591715977,53.669724770642205,40.83669321950205,64.47288621201665,61.49691022926732,55.07106393988659,2.9436507317073173,18.708423301274394,32.098174026554005,39.83433607869143,44.37580158680109,39.83433607869143
Kel'el Ware,MIL,4654920,56767.31707317073,0.616,3.2,11.1,0.7,2.8,6.2,1.9000000000000001,3.0,77.0,22.1,20.0,90.98966026587887,68.08510638297872,46.44351464435147,10.769230769230768,100.0,98.41269841269842,82.60869565217392,90.90909090909092,96.25,65.3846153846154,91.74311926605505,63.257502412487966,90.64349499132108,84.45924488355682,78.92926263061187,0.5676731707317073,139.0399735271535,104.75840103150688,93.54240570805125,88.39310134469946,93.54240570805125
Keldon Johnson,SAS,17500000,213414.63414634147,0.613,3.9,13.2,1.4,1.7,3.7,0.7,2.6,82.0,23.3,17.3,90.54652880354504,82.97872340425532,55.23012552301255,21.538461538461537,60.71428571428572,58.730158730158735,30.434782608695656,78.7878787878788,102.49999999999999,68.93491124260356,79.35779816513761,62.20162499671203,55.98427337557772,83.5975698025804,66.50650888728687,2.1341463414634148,31.163049878614416,45.52521997428495,52.978162634318394,57.150404926541604,52.978162634318394
Kelly Oubre Jr.,IND,8050000,98170.73170731707,0.58,1.1,14.1,1.6,1.0,4.0,1.9,1.6,50.0,31.5,13.0,85.67208271787295,23.404255319148938,58.995815899581594,24.615384615384617,35.714285714285715,63.49206349206349,82.6086956521739,48.48484848484849,62.5,93.19526627218936,59.63302752293578,45.680364853254765,64.8618692096953,71.77609793170838,60.03079625798063,0.9817073170731707,61.149382523657295,60.58750798290843,60.364206421423845,60.25286445594526,60.364206421423845
Kenrich Williams,OKC,5000000,60975.60975609756,0.569,0.8,6.5,1.4,1.1,2.3,0.7,1.5,56.0,15.3,14.2,84.04726735598226,17.02127659574468,27.196652719665277,21.538461538461537,39.28571428571429,36.507936507936506,30.434782608695656,45.45454545454546,70.0,45.26627218934912,65.13761467889908,37.817874499113614,37.46575485705921,60.134628956082736,44.39318015790585,0.6097560975609756,72.8048154589656,56.851009569162,51.495515702678276,49.010036612399155,51.495515702678276
Kentavious Caldwell-Pope,MEM,20194392,246273.07317073172,0.533,0.2,8.4,2.7,0.4,2.1,1.0,0.5,51.0,21.3,11.0,78.72968980797637,4.25531914893617,35.14644351464435,41.53846153846154,14.285714285714288,33.333333333333336,43.47826086956522,15.151515151515152,63.74999999999999,63.01775147928995,50.45871559633027,34.791125659146545,30.654369784804572,59.075489025206736,40.66993767168833,2.462730731707317,16.514163382975052,25.915825193994365,31.034762619331293,33.9617547032113,31.034762619331293
Keon Ellis,BRK,8780488,107079.12195121951,0.579,1.0,6.7,1.0,0.5,1.3,1.7999999999999998,1.2,72.0,20.5,10.8,85.52437223042834,21.27659574468085,28.03347280334728,15.384615384615385,17.857142857142858,20.634920634920636,78.26086956521739,36.36363636363637,90.0,60.65088757396451,49.54128440366973,33.61523980404294,45.08647552125813,66.73072399254474,47.45010520444664,1.0707912195121951,44.313125042305444,45.85479740654399,46.48638120611038,46.805427839650804,46.48638120611038
Kevin Durant,HOU,43902439,535395.5975609756,0.641,7.5,26.0,4.8,0.5,4.9,1.7000000000000002,3.2,78.0,36.4,21.1,94.68242245199409,115.0,108.78661087866111,73.84615384615384,17.857142857142858,77.77777777777779,73.91304347826089,96.96969696969698,97.5,107.6923076923077,96.78899082568807,82.03446600679037,82.88683940857855,100.66043283933192,87.91206301316082,5.353955975609756,16.420019778580382,37.99365491041768,53.14299579252369,62.851191107574344,53.14299579252369
Kevin Huerter,DET,8333333,101626.01219512195,0.552,0.8,10.0,2.6,0.5,3.0,1.4,1.7,69.0,22.4,13.2,81.53618906942393,17.02127659574468,41.84100418410042,40.0,17.857142857142858,47.61904761904762,60.86956521739131,51.515151515151516,86.25,66.27218934911244,60.55045871559632,39.651122541282376,53.33458811719682,71.02421602156959,53.71542888117945,1.0162601219512195,52.85598413331994,53.28397373186517,53.45613835912146,53.542429164493726,53.45613835912146
Kevin Porter Jr.,MIL,5390700,65740.24390243902,0.567,1.5,17.4,7.4,0.9,4.3,2.7,1.3,38.0,33.2,18.7,83.75184638109305,31.914893617021274,72.80334728033473,113.84615384615384,32.142857142857146,68.25396825396825,115.0,39.3939393939394,47.5,98.22485207100593,85.77981651376146,66.89181965349202,74.21596921596922,77.16822286158913,72.4649514671634,0.6574024390243902,110.22920994133229,89.37423761164293,82.18236071791364,78.80644622965575,82.18236071791364
Kevon Looney,LAL,2449421,29870.98780487805,0.458,0.4,2.8,1.6,2.3,3.3,0.9,0.3,21.0,14.7,13.6,67.65140324963073,8.51063829787234,11.715481171548117,24.615384615384617,82.14285714285714,52.38095238095239,39.130434782608695,9.090909090909092,26.25,43.49112426035503,62.38532110091742,38.92715289545858,33.534098751490056,44.042148453757484,38.62801315399896,0.29870987804878046,129.31615588450964,70.67691398562488,55.50441060121094,49.1872399607322,55.50441060121094
Keyonte George,UTA,6563925,80047.86585365854,0.609,3.1,23.6,6.1,0.4,3.3,1.4000000000000001,0.1,54.0,33.1,18.5,89.95568685376661,65.95744680851064,98.744769874477,93.84615384615384,14.285714285714288,52.38095238095239,60.86956521739132,3.0303030303030307,67.5,97.92899408284025,84.86238532110092,72.55795433372447,38.760273542882246,83.43045980131372,64.32849450511489,0.8004786585365854,80.36253536442632,71.89993681921841,68.76991068502535,67.25637192953836,68.76991068502535
Khaman Maluach,PHO,6316680,77032.68292682926,0.586,0.2,3.0,0.1,1.1,1.8,0.7999999999999999,0.6,46.0,8.9,14.0,86.55834564254062,4.25531914893617,12.552301255230125,1.5384615384615385,39.28571428571429,28.571428571428577,34.78260869565217,18.181818181818183,57.49999999999999,26.331360946745562,64.22018348623853,28.83802837417654,27.17861848296631,49.350514810994696,34.427574942210505,0.7703268292682927,44.69216653782147,39.225539037859015,37.23093346917381,36.27199371706922,37.23093346917381
Khris Middleton,WAS,5591122,68184.41463414633,0.533,-0.3,10.2,2.8,0.8,2.9,0.7999999999999999,0.5,63.0,22.8,10.9,78.72968980797637,-6.382978723404255,42.67782426778243,43.07692307692307,28.571428571428577,46.03174603174603,34.78260869565217,15.151515151515152,78.75,67.45562130177515,50.0,37.33457740014124,31.988623292971123,65.40187376725838,43.937141913838545,0.6818441463414634,64.43868756458473,53.20950817538781,49.28630587394006,47.43454942326501,49.28630587394006
Klay Thompson,DAL,17460317,212930.69512195123,0.541,-0.3,11.7,1.4,0.3,1.8,0.8,0.9,69.0,21.7,11.4,79.91137370753324,-6.382978723404255,48.95397489539749,21.538461538461537,10.714285714285715,28.571428571428577,34.78260869565218,27.272727272727277,86.25,64.20118343195267,52.293577981651374,30.947023426454752,30.208921513269345,67.58158713786801,41.68643788939569,2.129306951219512,19.57746761946216,28.567724584754114,33.229461596645876,35.83827782102617,33.229461596645876
Kobe Bufkin,NOP,2449421,29870.98780487805,0.416,-0.2,2.9,0.6,0.1,0.8,0.30000000000000004,0.1,16.0,7.4,6.2,61.447562776957156,-4.25531914893617,12.133891213389122,9.23076923076923,3.571428571428572,12.698412698412701,13.043478260869568,3.0303030303030307,20.0,21.893491124260358,28.440366972477065,16.42566652872158,9.590731329861766,23.444619365579143,16.207474412166512,0.29870987804878046,54.258247226493694,29.654496346631838,23.288443829484937,20.6378963859841,23.288443829484937
Kobe Sanders,LAC,2622139,31977.30487804878,0.597,0.4,7.3,1.6,0.4,1.8,0.7999999999999999,1.0,68.0,19.9,10.0,88.18316100443131,8.51063829787234,30.543933054393307,24.615384615384617,14.285714285714288,28.571428571428577,34.78260869565217,30.303030303030305,85.0,58.875739644970416,45.87155963302752,33.227766251559174,31.219022523370352,63.249099759332644,41.55119343630702,0.3197730487804878,129.93963560959872,73.47888767705786,58.496643176575816,52.19334494353845,58.496643176575816
Kon Knueppel,CHO,10516560,128250.73170731707,0.633,5.6,18.5,3.4,1.2,4.1,0.8999999999999999,2.5,81.0,31.5,17.1,93.50073855243721,115.0,77.40585774058579,52.307692307692314,42.85714285714286,65.07936507936508,39.130434782608695,75.75757575757575,101.25,93.19526627218936,78.44036697247707,76.21428629157163,59.98912520651651,90.96187774822215,75.12200895964804,1.2825073170731707,58.57433167015773,66.33416516796593,69.71869319589669,71.47517432773677,69.71869319589669
Kris Dunn,LAC,5684800,69326.82926829268,0.581,1.7,7.3,3.6,0.7,2.6,1.8,2.3,82.0,27.2,11.3,85.81979320531757,36.170212765957444,30.543933054393307,55.38461538461539,25.0,41.26984126984127,78.26086956521739,69.69696969696969,102.49999999999999,80.4733727810651,51.8348623853211,46.583710882056735,63.07589351067612,78.26941172212872,61.69676322780892,0.6932682926829269,88.99406460526899,74.09889157491907,68.86395778573804,66.38685774008292,68.86395778573804
Kris Murray,MEM,5315004,64817.12195121951,0.55,0.9,5.8,1.4,1.6,2.0,1.3,1.3,57.0,23.4,9.6,81.24076809453472,19.148936170212767,24.267782426778243,21.538461538461537,57.14285714285715,31.746031746031743,56.52173913043479,39.3939393939394,71.25,69.23076923076923,44.03669724770642,40.66776107456889,42.55390342346865,61.505822159491885,47.5604677986717,0.6481712195121951,73.37639556792581,59.0746620692064,54.16755021931154,51.86903508990946,54.16755021931154
Kristaps Porziņģis,GSW,19512195,237953.5975609756,0.582,1.4,16.7,2.5,1.3,4.0,1.7999999999999998,1.0,32.0,24.0,19.6,85.96750369276216,29.78723404255319,69.8744769874477,38.46153846153847,46.42857142857144,63.49206349206349,78.26086956521739,30.303030303030305,40.0,71.00591715976333,89.90825688073394,54.10386492257459,57.351987786770394,66.97139134683242,59.068484623678515,2.3795359756097563,24.82353081824796,38.29214473548184,45.54158556253507,49.665793023600976,45.54158556253507
Kyle Anderson,TOR,2449421,29870.98780487805,0.573,1.0,6.2,2.9,1.0,2.5,1.6,0.8,43.0,19.8,13.7,84.63810930576071,21.27659574468085,25.94142259414226,44.61538461538461,35.714285714285715,39.682539682539684,69.56521739130436,24.242424242424246,53.75,58.579881656804744,62.844036697247695,42.437159594850826,44.496727105422764,58.391306118017475,47.92365650539528,0.29870987804878046,160.43545937764122,87.68496933054932,68.86127685579604,61.023909848248316,68.86127685579604
Kyle Filipowski,UTA,3000000,36585.365853658535,0.586,1.8,11.4,2.6,1.9,5.3,1.4,1.3,77.0,23.4,16.0,86.55834564254062,38.297872340425535,47.69874476987448,40.0,67.85714285714286,84.12698412698413,60.86956521739131,39.3939393939394,96.25,69.23076923076923,73.39449541284402,56.082421121996695,61.463496246104945,79.62508821453775,64.97478679195582,0.36585365853658536,177.59775056467925,107.42148750446061,87.85220015910305,79.44807568662645,87.85220015910305
Kyle Kuzma,MIL,20345152,248111.60975609755,0.581,0.9,13.0,2.7,0.8,3.7,1.1,1.0,69.0,26.2,14.1,85.81979320531757,19.148936170212767,54.393305439330554,41.53846153846154,28.571428571428577,58.730158730158735,47.82608695652175,30.303030303030305,86.25,77.51479289940829,64.6788990825688,45.89438498495021,45.61975866323693,76.14789732732571,54.87706573828034,2.4811160975609754,22.11789516509382,34.839132982427195,41.78272454208205,45.757413186777285,41.78272454208205
Kyshawn George,WAS,3108000,37902.439024390245,0.559,0.1,14.8,4.5,0.9,4.2,1.9,0.5,48.0,29.0,13.8,82.57016248153619,2.127659574468085,61.92468619246863,69.23076923076923,32.142857142857146,66.66666666666667,82.6086956521739,15.151515151515152,60.0,85.79881656804734,63.30275229357798,49.59922692441985,54.80895915678524,69.70052295387511,57.400924692260666,0.37902439024390244,151.44388110570702,93.23635993780735,76.79248849736943,69.69240586016325,76.79248849736943
LaMelo Ball,MIN,40770520,497201.46341463417,0.546,3.6,20.1,7.1,0.9,3.9,1.4,2.6,72.0,28.0,19.7,80.64992614475628,76.59574468085107,84.10041841004185,109.23076923076923,32.142857142857146,61.904761904761905,60.86956521739131,78.7878787878788,90.0,82.84023668639054,90.36697247706421,76.54394312185512,67.18740197001067,87.73573638781825,76.72025711001695,4.972014634146341,15.43041659272776,34.406765734499736,47.41877497338186,55.66773740900546,47.41877497338186
Landry Shamet,NYK,5357143,65331.01219512195,0.598,1.6,9.3,1.4,0.5,1.4,0.8,1.0,51.0,23.0,11.2,88.33087149187591,34.04255319148936,38.912133891213394,21.538461538461537,17.857142857142858,22.22222222222222,34.78260869565218,30.303030303030305,63.74999999999999,68.04733727810651,51.376146788990816,40.13623259403661,29.10262040696823,61.057828022365776,42.661283078932115,0.6533101219512195,65.30020222481336,52.78058745622557,48.47279886949223,46.452600944393524,48.47279886949223
Larry Nance Jr.,IND,2449421,29870.98780487805,0.505,0.0,3.7,1.0,0.8,1.8,0.8,0.5,35.0,12.8,9.5,74.59379615952733,0.0,15.481171548117157,15.384615384615385,28.571428571428577,28.571428571428577,34.78260869565218,15.151515151515152,43.75,37.8698224852071,43.57798165137615,26.80620233273769,26.168517472865304,41.732601378861084,31.067309194218097,0.29870987804878046,104.00496092447497,56.84324303532686,44.64047060655362,39.55976679872466,44.64047060655362
Lauri Markkanen,UTA,46113154,562355.5365853659,0.608,3.2,26.7,2.1,2.0,4.9,1.5,0.3,42.0,34.4,21.1,89.807976366322,68.08510638297872,111.71548117154812,32.30769230769231,71.42857142857143,77.77777777777779,65.21739130434783,9.090909090909092,52.5,101.77514792899409,96.78899082568807,74.66896553142251,50.69535939101157,83.68804625156072,69.22366365972425,5.623555365853659,12.309590491462345,29.191008067038883,41.2336032666499,49.00635317397458,41.2336032666499
LeBron James,PHI,3876529,47274.743902439026,0.594,3.4,20.9,7.2,0.7,5.4,1.7999999999999998,2.1,60.0,33.2,20.8,87.74002954209747,72.34042553191489,87.44769874476988,110.76923076923077,25.0,85.71428571428572,78.26086956521739,63.63636363636365,75.0,98.22485207100593,95.41284403669725,76.6594769176026,75.87050630528891,89.54589870256773,80.25715344490548,0.47274743902439026,169.76750547931536,116.72641833454948,100.48355619198556,93.23047891986685,100.48355619198556
Leonard Miller,CHI,2406205,29343.963414634145,0.633,1.0,7.8,0.9,1.2,2.8,0.7,0.6,46.0,15.6,15.9,93.50073855243721,21.27659574468085,32.63598326359833,13.846153846153847,42.85714285714286,44.44444444444444,30.434782608695656,18.181818181818183,57.49999999999999,46.15384615384615,72.93577981651376,40.82332285280262,31.020348411652762,58.86320865678664,42.90227728400687,0.29343963414634144,146.2047804442499,79.19922998910124,61.97616707176187,54.824741287048745,61.97616707176187
Liam McNeeley,CHO,2902080,35391.21951219512,0.588,0.5,4.3,0.8,0.4,1.9,0.30000000000000004,0.4,31.0,11.9,10.6,86.85376661742983,10.638297872340425,17.99163179916318,12.307692307692308,14.285714285714288,30.158730158730158,13.043478260869568,12.121212121212123,38.75,35.20710059171598,48.62385321100917,28.415420576468005,18.44114018027062,40.86031793424171,28.757634449093004,0.3539121951219512,81.25641005160527,48.33986074565866,39.272133964476126,35.397619235592664,39.272133964476126
Luguentz Dort,ATL,18222222,222222.21951219512,0.524,0.0,8.3,1.2,0.8,2.7,1.3,3.0,69.0,26.8,8.3,77.40029542097489,0.0,34.728033472803354,18.46153846153846,28.571428571428577,42.85714285714286,56.52173913043479,90.90909090909092,86.25,79.28994082840237,38.07339449541284,31.832259185349056,63.429324298889526,67.87111177460507,53.38691710072962,2.2222221951219514,24.024112988305315,35.813032942285375,42.0144418448755,45.50690993051211,42.0144418448755
Luka Dončić,LAL,49800000,607317.0731707317,0.616,6.6,33.5,8.3,0.6,7.1,2.1,2.9,64.0,35.8,27.9,90.98966026587887,115.0,115.0,115.0,21.42857142857143,112.6984126984127,91.30434782608697,87.87878787878788,80.0,105.91715976331362,115.0,91.48364633889005,97.29384946776251,100.30571992110454,96.10573747737104,6.073170731707316,15.824639504306077,38.99793135378946,55.94028421455406,66.99867556040631,55.94028421455406
Luka Garza,BOS,2801346,34162.756097560974,0.682,3.9,8.1,1.0,2.3,1.8,0.8,1.4,69.0,16.2,19.9,100.73855243722305,82.97872340425532,33.89121338912134,15.384615384615385,82.14285714285714,28.571428571428577,34.78260869565218,42.42424242424242,86.25,47.928994082840234,91.28440366972475,63.02719235161444,35.25942656377439,75.15446591752166,57.22433405352099,0.34162756097560976,167.50502766843942,97.90487045567781,78.97959041635237,70.93656706609642,78.97959041635237
Luke Kennard,PHO,6064000,73951.21951219512,0.689,3.2,8.4,2.2,0.4,1.9,0.7999999999999999,1.4,78.0,21.6,13.5,101.7725258493353,68.08510638297872,35.14644351464435,33.84615384615385,14.285714285714288,30.158730158730158,34.78260869565217,42.42424242424242,97.5,63.905325443786985,61.92660550458715,50.6271887757653,35.78852709287492,74.44397698279137,52.72708026569039,0.7395121951219512,71.29981170492434,61.31419814932066,57.72316305466144,56.00730237503159,57.72316305466144
Luke Kornet,SAS,10450000,127439.0243902439,0.689,4.6,6.5,1.9,2.7,3.4,1.5,2.3,68.0,21.0,17.9,101.7725258493353,97.8723404255319,27.196652719665277,29.230769230769226,96.42857142857144,53.96825396825397,65.21739130434783,69.69696969696969,85.0,62.130177514792905,82.11009174311926,70.50017193077463,62.96087165652383,76.41342308597072,69.71078518408818,1.274390243902439,54.70128598177254,61.75167687090545,64.82003228414267,66.41091849869406,64.82003228414267
Malik Monk,SAC,20190035,246219.93902439025,0.568,0.8,12.5,3.0,0.2,1.6,1.0,0.2,62.0,22.0,14.2,83.89955686853764,17.02127659574468,52.30125523012552,46.15384615384615,7.142857142857144,25.396825396825403,43.47826086956522,6.060606060606061,77.5,65.08875739644971,65.13761467889908,41.30375839822223,24.978564108998896,69.24212402511625,44.1347020279545,2.4621993902439026,17.92490981958312,28.126687571864142,33.68086471891235,36.85662423983282,33.68086471891235
Marcus Sasser,DAL,5198983,63402.23170731707,0.533,0.2,5.2,2.0,0.2,0.8,0.6,0.6,38.0,12.0,11.2,78.72968980797637,4.25531914893617,21.75732217573222,30.76923076923077,7.142857142857144,12.698412698412701,26.08695652173913,18.181818181818183,47.5,35.502958579881664,51.376146788990816,28.530883808946534,18.989062467323336,44.79303512295749,30.165309946997937,0.6340223170731707,47.57767847392136,37.88397309845484,34.58409603811948,33.04356399192907,34.58409603811948
Marcus Smart,HOU,6064000,73951.21951219512,0.543,0.4,9.3,3.0,0.6,2.2,1.7999999999999998,1.6,62.0,28.5,9.9,80.20679468242245,8.51063829787234,38.912133891213394,46.15384615384615,21.42857142857143,34.920634920634924,78.26086956521739,48.48484848484849,77.5,84.31952662721895,45.412844036697244,39.042396890785156,53.88878432356694,69.07745688797206,53.100686617087035,0.7395121951219512,71.80501818273643,61.7486499290124,58.13216996783123,56.40415127670536,58.13216996783123
Mark Williams,PHO,11728395,143029.20731707316,0.68,4.0,11.7,1.0,3.1,4.9,1.8,2.3,60.0,23.6,21.8,100.44313146233384,85.1063829787234,48.95397489539749,15.384615384615385,110.71428571428572,77.77777777777779,78.26086956521739,69.69696969696969,75.0,69.8224852071006,100.0,72.12047808707116,75.24520567998829,81.60749506903353,76.0289905632517,1.4302920731707316,53.156269260940135,63.57214400991745,68.28916538117458,70.77734674361834,68.28916538117458
Marvin Bagley III,DEN,2449421,29870.98780487805,0.661,3.0,10.5,1.4,2.5,3.6,1.2,0.8,60.0,20.0,20.2,97.63663220088627,63.82978723404255,43.93305439330544,21.538461538461537,89.28571428571429,57.14285714285715,52.17391304347826,24.242424242424246,75.0,59.171597633136095,92.66055045871559,63.244729930482016,44.51973147625322,75.61071603061723,60.58802628608479,0.29870987804878046,202.8323491739049,110.85671699728834,87.05865028814375,77.1501701575941,87.05865028814375
Matas Buzelis,CHI,5715360,69699.51219512195,0.586,0.4,16.3,2.1,1.0,4.8,2.2,2.1,77.0,29.2,14.8,86.55834564254062,8.51063829787234,68.2008368200837,32.30769230769231,35.714285714285715,76.19047619047619,95.6521739130435,63.63636363636365,96.25,86.3905325443787,67.88990825688074,46.25835975649494,78.49300457996112,83.51014693375315,68.3936751496509,0.6969951219512195,98.12647606224935,81.92209913925227,76.21615223708483,73.51398977317123,76.21615223708483
Matisse Thybulle,LAL,2449421,29870.98780487805,0.6,0.2,5.8,0.9,0.6,1.4,2.5,1.0,30.0,16.0,14.5,88.62629246676514,4.25531914893617,24.267782426778243,13.846153846153847,21.42857142857143,22.22222222222222,108.69565217391306,30.303030303030305,37.5,47.337278106508876,66.5137614678899,30.484823863440965,53.74030156638853,50.45034652479959,44.381343080850726,0.29870987804878046,148.57675069454208,81.20366830637947,63.77134334018243,56.51328126027088,63.77134334018243
Max Christie,DAL,8285714,101045.29268292683,0.601,1.3,12.3,2.0,0.2,3.0,1.0,1.4,77.0,29.1,11.0,88.77400295420973,27.659574468085108,51.46443514644352,30.76923076923077,7.142857142857144,47.61904761904762,43.47826086956522,42.42424242424242,96.25,86.09467455621302,50.45871559633027,41.16202009616525,44.507183637618425,77.60113005084777,53.231108686664086,1.0104529268292683,52.68044386164493,52.955060502853996,53.06530757423747,53.12051715130004,53.06530757423747
Max Strus,CLE,16660836,203180.92682926828,0.609,0.4,11.2,2.0,0.8,4.7,0.3,0.2,12.0,24.0,12.8,89.95568685376661,8.51063829787234,46.86192468619247,30.76923076923077,28.571428571428577,74.60317460317461,13.043478260869565,6.060606060606061,15.0,71.00591715976333,58.71559633027523,40.933781835698156,31.23575297488341,48.24050449667951,39.828468821315546,2.0318092682926827,19.602464386228128,27.941656028729493,32.19798764887605,34.56344502309367,32.19798764887605
Maxime Raynaud,SAC,2150917,26230.69512195122,0.619,2.6,12.5,1.4,1.9,5.6,1.0,1.0,74.0,26.5,16.0,91.43279172821269,55.319148936170215,52.30125523012552,21.538461538461537,67.85714285714286,88.88888888888889,43.47826086956522,30.303030303030305,92.5,78.40236686390534,73.39449541284402,57.68976005802257,54.223393353828136,81.43228742558313,63.63395358886463,0.2623069512195122,242.5934703332067,124.24645520957482,95.07054136927403,83.16238711292623,95.07054136927403
Micah Peavy,NOP,2150917,26230.69512195122,0.455,-0.1,4.3,1.0,0.8,1.2,0.7999999999999999,0.5,61.0,15.0,8.3,67.2082717872969,-2.127659574468085,17.99163179916318,15.384615384615385,28.571428571428577,19.047619047619047,34.78260869565217,15.151515151515152,76.25,44.37869822485207,38.07339449541284,25.40565759360719,22.993914298262126,52.90069757342164,32.834176867134204,0.2623069512195122,125.17463496290209,64.10932930276908,49.05499020760495,42.910559114414774,49.05499020760495
Micah Potter,POR,2801346,34162.756097560974,0.679,1.8,9.7,1.5,1.2,3.7,0.8,0.7,47.0,19.3,17.0,100.29542097488921,38.297872340425535,40.58577405857741,23.076923076923077,42.85714285714286,58.730158730158735,34.78260869565218,21.21212121212121,58.75,57.100591715976336,77.98165137614679,49.022626661591616,38.24162954597738,64.61074769737438,50.03352395301761,0.34162756097560976,146.45634506224664,85.60214394945565,69.0550146935776,62.022677697338686,69.0550146935776
Michael Porter Jr.,BRK,40806150,497635.9756097561,0.595,1.7,24.2,3.0,1.3,5.7,1.4000000000000001,1.3,52.0,32.5,19.9,87.88774002954209,36.170212765957444,101.25523012552303,46.15384615384615,46.42857142857144,90.47619047619048,60.86956521739132,39.3939393939394,65.0,96.15384615384616,91.28440366972475,63.57912010068803,63.579898362507066,84.14608327452363,69.7494736618572,4.976359756097561,14.016163838716198,31.26691622959979,43.09902087283664,50.60093955448666,43.09902087283664
Mikal Bridges,NYK,33482145,408318.84146341466,0.587,4.7,14.4,3.7,1.0,2.8,2.1,3.3,82.0,32.8,15.3,86.70605612998521,100.0,60.25104602510461,56.92307692307692,35.714285714285715,44.44444444444444,91.30434782608697,100.0,102.49999999999999,97.0414201183432,70.18348623853211,67.91889295849049,78.5829307568438,89.90830211895843,78.14148855807099,4.083188414634146,19.13737026633694,38.67069432656383,51.236783001839825,58.97688030381106,51.236783001839825
Mike Conley,BOS,2449421,29870.98780487805,0.517,0.9,4.5,2.9,0.3,1.4,0.8999999999999999,1.0,54.0,18.4,9.4,76.36632200886262,19.148936170212767,18.82845188284519,44.61538461538461,10.714285714285715,22.22222222222222,39.130434782608695,30.303030303030305,67.5,54.437869822485204,43.11926605504588,33.934676078318184,30.551895769287075,55.019045292510356,39.10984153750526,0.29870987804878046,130.92918718649966,71.55850587804615,56.19674754152502,49.80077936864665,56.19674754152502
Miles Bridges,PHO,22826087,278366.9146341463,0.57,4.0,17.1,3.2,1.0,4.9,1.0,2.5,77.0,31.0,16.0,84.19497784342687,85.1063829787234,71.54811715481173,49.23076923076923,35.714285714285715,77.77777777777779,43.47826086956522,75.75757575757575,96.25,91.71597633136096,73.39449541284402,65.1589065844034,65.67120480163959,87.12015724806832,71.92146317736318,2.783669146341463,25.836929389359558,43.107189257627965,52.902138648240296,58.60504327598186,52.902138648240296
Miles McBride,NYK,3956523,48250.28048780488,0.578,1.6,12.0,2.6,0.6,1.9,1.1,1.1,41.0,26.3,13.1,85.37666174298374,34.04255319148936,50.2092050209205,40.0,21.42857142857143,30.158730158730158,47.82608695652175,33.333333333333336,51.24999999999999,77.81065088757397,60.09174311926605,46.21139827679301,37.106050149528414,63.050798002280004,48.16739983116915,0.48250280487804875,99.82822761692199,69.34310458914601,59.93813839972641,55.725405116940074,59.93813839972641
Mitchell Robinson,BOS,15044000,183463.41463414635,0.676,3.3,5.7,0.9,4.2,4.6,2.1,2.5,60.0,19.6,21.1,99.85228951255539,70.2127659574468,23.84937238493724,13.846153846153847,115.0,73.01587301587301,91.30434782608697,75.75757575757575,75.0,57.98816568047338,96.78899082568807,64.55211634021866,80.02593219984524,76.59238550205382,73.42529448104224,1.8346341463414635,40.021763809129645,54.20894569474731,61.204147804961195,65.03330156360751,61.204147804961195
Mo Bamba,UTA,3286399,40078.03658536585,0.455,0.0,2.5,0.3,2.5,3.0,0.8,0.0,4.0,11.0,12.9,67.2082717872969,0.0,10.460251046025105,4.615384615384615,89.28571428571429,47.61904761904762,34.78260869565218,0.0,5.0,32.544378698224854,59.174311926605505,34.31392434688418,27.467218771566603,32.23956354161012,31.363736209693982,0.4007803658536585,78.25666844454696,49.542118502787645,41.26253077716731,37.657068209947106,41.26253077716731
Mohamed Diawara,NYK,2232143,27221.256097560974,0.55,0.2,3.6,0.8,0.2,1.1,0.30000000000000004,0.7,69.0,9.2,10.3,81.24076809453472,4.25531914893617,15.062761506276152,12.307692307692308,7.142857142857144,17.460317460317462,13.043478260869568,21.21212121212121,86.25,27.218934911242602,47.24770642201835,24.001879640059293,17.238638977769416,53.57221377775365,30.573478056189042,0.27221256097560975,112.31472179907388,58.59907578034795,45.17232027920444,39.66095933106626,45.17232027920444
Moritz Wagner,BRK,9268293,113027.96341463414,0.545,0.4,6.9,0.8,0.8,2.4,0.5,0.6,36.0,11.9,15.3,80.50221565731167,8.51063829787234,28.870292887029294,12.307692307692308,28.571428571428577,38.095238095238095,21.73913043478261,18.181818181818183,45.0,35.20710059171598,70.18348623853211,31.752453544266835,26.00539557061296,50.130195610082694,35.311776452969276,1.1302796341463415,31.241628519334473,33.21441557970648,34.03798133049923,34.45739060076666,34.03798133049923
Moses Moody,GSW,12500000,152439.0243902439,0.6,1.7,12.1,1.6,0.9,2.5,1.6,1.4,60.0,25.7,13.5,88.62629246676514,36.170212765957444,50.627615062761514,24.615384615384617,32.142857142857146,39.682539682539684,69.56521739130436,42.42424242424242,75.0,76.03550295857988,61.92660550458715,46.43647241074517,50.55733316602882,70.98736948772235,55.20283419063477,1.524390243902439,36.213059229056405,44.710887982204476,48.64436375477401,50.73902802471026,48.64436375477401
Mouhamed Gueye,ATL,2406205,29343.963414634145,0.539,0.9,4.4,0.9,1.2,2.4,1.3,1.8,77.0,15.3,12.0,79.61595273264402,19.148936170212767,18.410041841004187,13.846153846153847,42.85714285714286,38.095238095238095,56.52173913043479,54.545454545454554,96.25,45.26627218934912,55.04587155963303,34.77564548943154,49.72081059037581,65.52071458299405,49.080522351821344,0.29343963414634144,167.2593495919654,90.604504557994,70.90119326555549,62.719909303623524,70.90119326555549
Moussa Cisse,DAL,2185116,26647.756097560974,0.564,0.4,4.5,0.2,2.3,3.3,1.7,0.9,38.0,13.9,16.0,83.30871491875922,8.51063829787234,18.82845188284519,3.076923076923077,82.14285714285714,52.38095238095239,73.91304347826087,27.272727272727277,47.5,41.12426035502959,73.39449541284402,39.17351706385139,51.188907710646845,54.006251922624536,47.70857034139379,0.26647756097560976,179.03410015735048,92.42002467466179,70.9411474994789,62.15331163309475,70.9411474994789
Moussa Diabaté,CHO,2461462,30017.829268292684,0.653,4.7,7.9,1.9,3.7,5.0,1.8,2.8,73.0,26.0,17.2,96.4549483013294,100.0,33.05439330543933,29.230769230769226,115.0,79.36507936507937,78.26086956521739,84.84848484848484,91.25,76.92307692307693,78.89908256880733,74.74802216750759,80.82481125959387,82.35738649729475,79.09693975775308,0.30017829268292684,263.49986553258805,144.36770064736487,113.4869426223255,100.6198868099876,113.4869426223255
Myles Turner,MIL,26584164,324197.1219512195,0.584,1.2,11.9,1.5,1.1,4.3,2.3,1.8,71.0,26.9,14.2,86.26292466765139,25.53191489361702,49.7907949790795,23.076923076923077,39.28571428571429,68.25396825396825,100.0,54.545454545454554,88.75,79.58579881656806,65.13761467889908,44.78965438059705,74.26647426647428,77.82447116515571,64.7222181771629,3.241971219512195,19.96384723825567,35.945854790363995,45.47897275285498,51.15540909310682,45.47897275285498
Myron Gardner,MIA,2150917,26230.69512195122,0.606,0.8,3.6,1.0,0.9,1.8,0.6000000000000001,0.6,45.0,9.1,15.2,89.51255539143278,17.02127659574468,15.062761506276152,15.384615384615385,32.142857142857146,28.571428571428577,26.086956521739136,18.181818181818183,56.25,26.923076923076923,69.72477064220183,33.824813204185226,24.28006775832863,50.96594918842626,35.721940547866296,0.2623069512195122,136.18373581709739,69.74774056874303,53.36937334726532,46.68453994639809,53.36937334726532
Nae'Qwan Tomlin,CLE,2411090,29403.536585365855,0.549,1.1,5.8,0.8,1.3,1.6,1.1,1.1,64.0,15.7,12.9,81.0930576070901,23.404255319148938,24.267782426778243,12.307692307692308,46.42857142857144,25.396825396825403,47.82608695652175,33.333333333333336,80.0,46.44970414201184,59.174311926605505,37.50027181785621,35.518748562226826,61.87467202287245,44.13887397244709,0.2940353658536585,150.11416685982942,81.39944896929526,63.72375788011601,56.382111460558775,63.72375788011601
Naji Marshall,DAL,9428571,114982.5731707317,0.592,2.5,15.2,3.3,0.9,3.8,1.2000000000000002,1.8,74.0,29.5,15.4,87.44460856720826,53.191489361702125,63.59832635983263,50.76923076923077,32.142857142857146,60.317460317460316,52.17391304347827,54.545454545454554,92.5,87.27810650887575,70.64220183486239,57.42930244016619,55.67894263546438,83.47343611457937,64.64742020889153,1.149825731707317,56.22366801002088,60.288598354324286,61.9957033902405,62.86729786875264,61.9957033902405
Naz Reid,CHO,23275862,283851.9756097561,0.565,0.9,13.6,2.2,1.2,5.0,2.0,3.2,77.0,26.1,15.4,83.45642540620382,19.148936170212767,56.903765690376574,33.84615384615385,42.85714285714286,79.36507936507937,86.95652173913044,96.96969696969698,96.25,77.21893491124261,70.64220183486239,47.24248479401797,87.76376602463559,81.37037891536833,71.25808864883307,2.838519756097561,25.10396078651915,42.294920063319786,52.10826255567866,57.83833533207883,52.10826255567866
Neemias Queta,BOS,2667944,32535.90243902439,0.674,5.4,10.2,1.7,3.0,5.3,2.1,3.6,76.0,25.3,20.3,99.55686853766618,114.89361702127661,42.67782426778243,26.153846153846157,107.14285714285714,84.12698412698413,91.30434782608697,109.09090909090911,95.0,74.85207100591717,93.11926605504587,78.0850026246857,94.84074701466007,87.65711235365434,86.65358863596758,0.3253590243902439,266.3322119260877,151.91656240433608,121.36059470781484,108.47108435212665,121.36059470781484
Nic Claxton,CHI,23147727,282289.35365853657,0.592,3.3,11.7,3.7,2.4,4.5,1.8,1.5,69.0,27.8,17.6,87.44460856720826,70.2127659574468,48.95397489539749,56.92307692307692,85.71428571428572,71.42857142857143,78.26086956521739,45.45454545454546,86.25,82.24852071005918,80.73394495412845,69.84974241148305,65.04799548277809,83.07748855472921,72.18547229869722,2.8228935365853656,25.571446943767622,42.96378678604743,52.87391305332288,58.65579189805121,52.87391305332288
Nickeil Alexander-Walker,ATL,14403710,175655.0,0.61,3.6,20.8,3.7,0.7,2.8,1.8,2.7,78.0,33.4,16.5,90.10339734121122,76.59574468085107,87.02928870292888,56.92307692307692,25.0,44.44444444444444,78.26086956521739,81.81818181818183,97.5,98.81656804733728,75.68807339449542,67.13030152961362,68.17449860928122,90.66821381394423,74.5467022219998,1.75655,42.43927142523685,56.246846395649214,62.95500765440659,66.60338971286791,62.95500765440659
Nicolas Batum,LAC,5881680,71727.80487804877,0.603,0.6,4.0,0.9,0.3,2.2,0.8999999999999999,1.2,74.0,17.5,8.4,89.06942392909896,12.76595744680851,16.73640167364017,13.846153846153847,10.714285714285715,34.920634920634924,39.130434782608695,36.36363636363637,92.5,51.775147928994095,38.53211009174312,28.626444521997445,36.804902022293334,60.93575267357907,41.099912517572534,0.7172780487804877,57.299833150408524,48.52852902935852,45.408236470078656,43.92415237326788,45.408236470078656
Nikola Jokić,DEN,59033114,719916.0243902439,0.67,11.5,27.7,10.7,3.0,9.9,2.2,3.4,65.0,34.8,32.3,98.96602658788774,115.0,115.0,115.0,107.14285714285714,115.0,95.6521739130435,103.03030303030303,81.25,102.9585798816568,115.0,110.22177674614898,104.56082564778217,99.7361932938856,105.15137833702525,7.19916024390244,14.606061648104943,39.189890461365124,58.160806173102685,70.85305844325347,58.160806173102685
Nikola Jović,MIA,16200000,197560.9756097561,0.48,-0.9,7.3,2.2,0.5,2.7,1.0,1.0,47.0,17.2,9.5,70.90103397341211,-19.148936170212767,30.543933054393307,33.84615384615385,17.857142857142858,42.85714285714286,43.47826086956522,30.303030303030305,58.75,50.887573964497044,43.57798165137615,26.79986551217787,38.879478009912795,51.07185187195773,38.188529669341705,1.975609756097561,19.329996499296417,27.169544435298366,31.133115934045893,33.326730159869776,31.133115934045893
Nikola Topić,OKC,5429760,66216.58536585367,0.489,-0.3,5.2,4.4,0.7,1.2,0.5,0.2,10.0,16.0,8.1,72.23042836041358,-6.382978723404255,21.75732217573222,67.6923076923077,25.0,19.047619047619047,21.73913043478261,6.060606060606061,12.5,47.337278106508876,37.15596330275229,36.05941590100984,15.615785181002574,32.33108046975372,27.990080826830535,0.6621658536585366,42.27049865555943,34.397015480409635,31.67481726994456,30.39560529405043,31.67481726994456
Nikola Vučević,ORL,2449421,29870.98780487805,0.574,2.5,15.1,3.3,2.0,6.4,1.2,1.9,64.0,28.4,17.7,84.7858197932053,53.191489361702125,63.17991631799163,50.76923076923077,71.42857142857143,101.58730158730161,52.17391304347826,57.57575757575758,80.0,84.02366863905326,81.19266055045871,64.67100553414025,70.44565740217915,81.73877639650398,71.7547184279826,0.29870987804878046,240.2154187089346,131.28819342012267,103.10401775838461,91.3693525877494,103.10401775838461
Nique Clifford,SAC,3263400,39797.560975609755,0.505,-1.2,8.6,2.4,0.9,2.9,1.2,0.6,75.0,25.1,9.0,74.59379615952733,-25.53191489361702,35.98326359832636,36.92307692307692,32.142857142857146,46.03174603174603,52.17391304347826,18.181818181818183,93.75,74.26035502958581,41.28440366972477,30.82221578603415,38.79582575234749,69.76491956643686,45.2160543087015,0.3979756097560975,113.61513922024648,71.67446062073537,59.612278912577054,54.36524761495578,59.612278912577054
Noa Essengue,CHI,5701200,69526.82926829268,0.0,-0.1,0.0,0.0,0.0,0.0,0.5,0.0,2.0,3.0,-11.9,0.0,-2.127659574468085,0.0,0.0,0.0,0.0,21.73913043478261,0.0,2.5,8.875739644970416,-54.58715596330275,-0.425531914893617,7.246376811594203,-14.403805439444112,-2.0105650052529063,0.6952682926829269,-2.8917829655289817,-2.411248148424181,-2.2421899001571077,-2.1621590329449045,-2.2421899001571077
Noah Clowney,BRK,5414034,66024.80487804877,0.554,-0.1,12.3,1.6,0.8,3.3,1.5,1.2,66.0,27.0,11.2,81.83161004431315,-2.127659574468085,51.46443514644352,24.615384615384617,28.571428571428577,52.38095238095239,65.21739130434783,36.36363636363637,82.5,79.88165680473374,51.376146788990816,36.871039760620356,51.320660016312196,71.25260119790818,52.09837907874193,0.6602480487804877,78.9072821570171,64.11662419286846,59.00816012041525,56.60864845866661,59.00816012041525
Noah Penda,ORL,2150917,26230.69512195122,0.506,0.1,3.8,1.2,1.1,2.0,0.8,1.0,59.0,12.8,11.3,74.74150664697193,2.127659574468085,15.899581589958158,18.46153846153846,39.28571428571429,31.746031746031743,34.78260869565218,30.303030303030305,73.75,37.8698224852071,51.8348623853211,30.10320011173019,32.277223581571405,54.48489495684273,38.156876545009965,0.2623069512195122,145.46650924655935,74.50199752190886,57.00722186039762,49.86672616254883,57.00722186039762
Nolan Traoré,BRK,4002000,48804.87804878049,0.479,-2.3,8.9,3.8,0.3,1.5,1.2000000000000002,0.6,56.0,22.2,7.9,70.7533234859675,-48.93617021276595,37.23849372384937,58.46153846153845,10.714285714285715,23.80952380952381,52.17391304347827,18.181818181818183,70.0,65.68047337278107,36.23853211009174,25.64629423457502,31.38841834494009,57.30633516095761,37.09662871001392,0.4880487804878049,76.0100838136217,53.10101559717067,46.003987180373706,42.81952023004838,46.003987180373706
Norman Powell,CHI,21500000,262195.1219512195,0.609,2.3,21.7,2.5,0.4,3.1,1.3,1.7,58.0,29.6,17.5,89.95568685376661,48.93617021276595,90.7949790794979,38.46153846153847,14.285714285714288,49.20634920634921,56.52173913043479,51.515151515151516,72.5,87.57396449704143,80.27522935779817,56.48681777865664,52.41441328397851,80.1163979516132,62.191074302353044,2.6219512195121952,23.719386478106742,38.407474882712144,46.57369306511472,51.28650890658387,46.57369306511472
OG Anunoby,NYK,42500000,518292.68292682926,0.62,3.1,16.7,2.2,1.3,4.0,2.3,3.2,67.0,33.2,15.8,91.5805022156573,65.95744680851064,69.8744769874477,33.84615384615385,46.42857142857144,63.49206349206349,100.0,96.96969696969698,83.75,98.22485207100593,72.47706422018348,61.53743025726819,86.82058682058683,84.81730543039647,77.117666040735,5.182926829268292,14.879173212565343,33.873988704740164,47.074027196159044,55.49308406341168,47.074027196159044
Obi Toppin,IND,15000000,182926.82926829267,0.636,0.7,11.6,2.3,0.5,3.9,0.5,0.3,24.0,17.7,19.7,93.94387001477105,14.893617021276595,48.53556485355649,35.38461538461538,17.857142857142858,61.904761904761905,21.73913043478261,9.090909090909092,30.0,52.366863905325445,90.36697247706421,42.122962026272475,30.91160047681787,57.57794546079655,42.94759412981513,1.8292682926829267,23.478018124298938,31.754124037277965,35.83072685084799,38.06127731591204,35.83072685084799
Olivier-Maxence Prosper,MEM,3500172,42685.0243902439,0.662,1.8,10.0,1.0,1.1,2.4,1.0,0.7,53.0,18.6,16.9,97.78434268833087,38.297872340425535,41.84100418410042,15.384615384615385,39.28571428571429,38.095238095238095,43.47826086956522,21.21212121212121,66.25,55.02958579881657,77.5229357798165,46.518709776637294,34.26187339230818,66.26750719287769,48.27602463083751,0.42685024390243903,113.09827116292216,73.89137246232723,62.32307024794954,57.23693814835863,62.32307024794954
Onyeka Okongwu,ATL,16120000,196585.36585365853,0.592,2.6,15.2,3.1,1.9,5.7,2.2,3.3,74.0,31.0,15.9,87.44460856720826,55.319148936170215,63.59832635983263,47.69230769230769,67.85714285714286,90.47619047619048,95.6521739130435,100.0,92.5,91.71597633136096,72.93577981651376,64.38230688253233,95.376121463078,85.71725204929157,81.32068738994563,1.9658536585365853,41.36660276659765,57.99966010216394,66.39504742869384,71.03801278185128,66.39504742869384
Oscar Tshiebwe,HOU,2537526,30945.439024390245,0.633,1.1,7.8,1.2,2.9,3.8,0.8,0.3,27.0,16.6,20.2,93.50073855243721,23.404255319148938,32.63598326359833,18.46153846153846,103.57142857142858,60.317460317460316,34.78260869565218,9.090909090909092,33.75,49.11242603550296,92.66055045871559,54.3147888336303,34.73032603467386,58.50765883140618,48.91393248131787,0.3094543902439025,158.0650784846368,87.92942952534,69.54302618468027,61.846232683367845,69.54302618468027
Oso Ighodaro,PHO,2296271,28003.30487804878,0.636,2.1,6.5,2.3,1.7,3.4,1.6,2.6,82.0,22.0,13.8,93.94387001477105,44.680851063829785,27.196652719665277,35.38461538461538,60.71428571428572,53.96825396825397,69.56521739130436,78.7878787878788,102.49999999999999,65.08875739644971,63.30275229357798,52.38405497943345,67.4404500491457,76.96383656334255,64.87716377830834,0.2800330487804878,231.67681122225054,122.59908003448547,95.04495492349285,83.68545811684356,95.04495492349285
Ousmane Dieng,MIL,5750000,70121.9512195122,0.516,-0.6,7.6,2.4,0.5,2.6,0.7,0.9,57.0,19.3,10.2,76.21861152141803,-12.76595744680851,31.799163179916317,36.92307692307692,17.857142857142858,41.26984126984127,30.434782608695656,27.272727272727277,71.25,57.100591715976336,46.78899082568807,30.006407406949126,32.992450383754736,58.37986084722147,39.53369805114474,0.7012195121951219,56.37849113380641,47.21070053560997,43.9755462891912,42.44207831970856,43.9755462891912
P.J. Washington,DAL,19813044,241622.48780487804,0.537,-0.3,14.2,1.8,1.5,5.5,2.1,2.0,56.0,31.0,13.1,79.3205317577548,-6.382978723404255,59.41422594142259,27.692307692307693,53.57142857142857,87.3015873015873,91.30434782608697,60.60606060606061,70.0,91.71597633136096,60.09174311926605,42.72310304790187,79.73733191124496,73.93590648354234,64.67178189213067,2.4162248780487805,26.765630335019267,41.60505987535365,49.633353749941456,54.21099229811933,49.633353749941456
Pacôme Dadiet,NYK,2983680,36386.34146341463,0.454,0.0,1.7,0.4,0.1,0.8,0.1,0.2,29.0,4.7,9.6,67.06056129985228,0.0,7.112970711297072,6.153846153846154,3.571428571428572,12.698412698412701,4.347826086956522,6.060606060606061,36.25,13.905325443786984,44.03669724770642,16.779761347284815,7.702281615325095,31.39734089716447,18.078692103382405,0.36386341463414634,49.685380217629145,29.970763937444175,24.484175913995326,22.129893823320195,24.484175913995326
Paolo Banchero,ORL,41500000,506097.56097560975,0.566,2.0,22.2,5.2,1.2,7.2,1.2999999999999998,3.0,72.0,34.8,17.6,83.60413589364843,42.5531914893617,92.88702928870293,80.0,42.85714285714286,114.2857142857143,56.52173913043478,90.90909090909092,90.0,102.9585798816568,80.73394495412845,68.3802999057712,87.23884810841334,91.23084161192843,81.6473688065167,5.060975609756097,16.132733113576794,36.29318407609491,50.19632474341658,59.033066675112686,50.19632474341658
Pascal Siakam,IND,48924624,596641.756097561,0.562,1.1,24.0,3.8,1.4,5.2,1.5,1.5,62.0,33.2,18.6,83.01329394387001,23.404255319148938,100.418410041841,58.46153846153845,50.0,82.53968253968254,65.21739130434783,45.45454545454546,77.5,98.22485207100593,85.3211009174312,63.05949955327968,64.40387309952528,87.01531766281238,70.703331991863,5.96641756097561,11.850215186799934,28.945633496735436,41.373835912860216,49.46490190430582,41.373835912860216
Pat Connaughton,CHO,3815861,46534.89024390244,0.586,0.3,2.6,0.4,0.4,1.1,0.3,0.4,42.0,7.1,12.9,86.55834564254062,6.382978723404255,10.87866108786611,6.153846153846154,14.285714285714288,17.460317460317462,13.043478260869565,12.121212121212123,52.5,21.005917159763314,59.174311926605505,24.851909178674283,14.208335947466383,44.226743028789606,27.045544435098194,0.4653489024390244,58.11885295816729,39.64663945654223,34.022178606521706,31.516645701186466,34.022178606521706
Patrick Williams,CHI,18000000,219512.19512195123,0.494,-1.1,7.0,1.5,0.7,2.3,1.1,1.0,72.0,20.5,8.2,72.96898079763663,-23.404255319148938,29.288702928870297,23.076923076923077,25.0,36.507936507936506,47.82608695652175,30.303030303030305,90.0,60.65088757396451,37.61467889908256,25.386070296856214,38.212351255829525,62.75518882434901,40.957741381154975,2.1951219512195124,18.65852662919282,27.644368472292378,32.35179661084208,34.99808397515869,32.35179661084208
Paul George,BOS,54126380,660077.8048780488,0.57,1.1,17.3,3.6,0.5,4.8,2.1,1.4,37.0,30.7,16.7,84.19497784342687,23.404255319148938,72.38493723849373,55.38461538461539,17.857142857142858,76.19047619047619,91.30434782608697,42.42424242424242,46.25,90.82840236686391,76.60550458715596,50.64518572856556,69.9730221469352,71.2279689846733,63.391485087643545,6.600778048780488,9.603638331598697,24.67364780661061,35.98755878184877,43.46221944288754,35.98755878184877
Paul Reed,DET,5602689,68325.4756097561,0.65,2.4,7.8,1.2,2.0,2.5,1.8,2.1,65.0,13.9,24.2,96.01181683899557,51.06382978723404,32.63598326359833,18.46153846153846,71.42857142857143,39.682539682539684,78.26086956521739,63.63636363636365,81.25,41.12426035502959,111.0091743119266,53.920347955987566,60.52659096137358,77.79447822231873,63.328709657718164,0.683254756097561,92.68681863178358,76.61420642563496,70.99468558929541,68.34143702605661,70.99468558929541
Payton Pritchard,BOS,7767857,94729.96341463414,0.584,6.1,17.0,5.2,0.9,3.1,0.7999999999999999,2.4,79.0,32.4,17.1,86.26292466765139,115.0,71.12970711297072,80.0,32.142857142857146,49.20634920634921,34.78260869565217,72.72727272727273,98.75,95.85798816568047,78.44036697247707,76.90709778469585,52.23874354309137,91.01611837938584,72.75256352095732,0.9472996341463414,76.79994892694988,74.74886730054308,73.94385525934776,73.54460620600241,73.94385525934776
Pelle Larsson,MIA,2296271,28003.30487804878,0.605,2.6,11.4,3.4,1.0,2.5,0.8999999999999999,1.5,70.0,26.4,13.1,89.36484490398817,55.319148936170215,47.69874476987448,52.307692307692314,35.714285714285715,39.682539682539684,39.130434782608695,45.45454545454546,87.5,78.10650887573965,60.09174311926605,56.08094332640218,41.422506639897954,75.2327506650019,56.84261705457066,0.2800330487804878,202.9853879822893,107.41610994981488,83.27435512048991,73.32164619629255,83.27435512048991
Pete Nance,MIL,2537526,30945.439024390245,0.639,0.8,5.4,1.0,0.6,2.1,0.6,0.4,47.0,15.7,11.6,94.38700147710487,17.02127659574468,22.59414225941423,15.384615384615385,21.42857142857143,33.333333333333336,26.08695652173913,12.121212121212123,58.75,46.44970414201184,53.21100917431192,34.16312142909012,23.8471673254282,52.80357110544125,36.2478319367504,0.3094543902439025,117.1346507903183,65.16039545473465,51.53509026243409,45.83135590425294,51.53509026243409
Precious Achiuwa,SAC,5477000,66792.68292682926,0.558,1.8,10.1,1.4,2.4,4.3,1.6,1.2,73.0,23.9,16.2,82.42245199409159,38.297872340425535,42.25941422594142,21.538461538461537,85.71428571428572,68.25396825396825,69.56521739130436,36.36363636363637,91.25,70.71005917159763,74.31192660550458,54.04649716264116,58.06094066963633,78.7573285923674,62.82465738393739,0.6679268292682926,94.05919126315258,76.87155823136277,70.91064933581717,68.10583958389167,70.91064933581717
Quentin Grimes,LAL,13953489,170164.5,0.585,1.9,13.4,3.3,0.6,3.0,1.3,1.7,75.0,29.4,12.9,86.410635155096,40.42553191489361,56.06694560669456,50.76923076923077,21.42857142857143,47.61904761904762,56.52173913043479,51.515151515151516,93.75,86.98224852071006,59.174311926605505,51.020182974897274,51.885312754877965,79.96885348243852,59.99892825235308,1.701645,35.25936858296124,45.99482933800672,51.15437750857627,53.94729835130186,51.15437750857627
Quinten Post,MEM,8285714,101045.29268292683,0.56,0.7,7.7,1.4,1.0,3.0,0.9,1.2,67.0,17.3,13.0,82.7178729689808,14.893617021276595,32.21757322175732,21.538461538461537,35.714285714285715,47.61904761904762,39.130434782608695,36.36363636363637,83.75,51.18343195266273,59.63302752293578,37.4163620929524,41.03770625509756,64.85548649186616,46.87935642775588,1.0104529268292683,46.39439916796527,46.636247435301065,46.733339378001794,46.78196112391689,46.733339378001794
RJ Barrett,TOR,29616071,361171.5975609756,0.585,2.0,19.3,3.3,1.0,4.3,1.0,2.0,57.0,30.3,17.0,86.410635155096,42.5531914893617,80.75313807531381,50.76923076923077,35.714285714285715,68.25396825396825,43.47826086956522,60.60606060606061,71.25,89.6449704142012,77.98165137614679,59.2400962406576,57.44609657653135,79.62554059678267,64.7457696616922,3.611715975609756,17.926595030984224,34.06862475496392,44.04507165247115,50.080502728658004,44.04507165247115
Rasheer Fleming,PHO,2150917,26230.69512195122,0.517,0.0,4.3,0.3,1.0,1.2,0.8,0.8,55.0,12.2,10.2,76.36632200886262,0.0,17.99163179916318,4.615384615384615,35.714285714285715,19.047619047619047,34.78260869565218,24.242424242424246,68.75,36.09467455621302,46.78899082568807,26.937524827539228,26.024217328565157,50.54455512730036,33.70910936781638,0.2623069512195122,128.510164183971,65.81765097109982,50.36215881508848,44.053997031057825,50.36215881508848
Reed Sheppard,HOU,11108880,135474.1463414634,0.564,2.7,13.5,3.4,0.3,2.6,2.2,3.1,82.0,26.2,15.7,83.30871491875922,57.446808510638306,56.485355648535574,52.307692307692314,10.714285714285715,41.26984126984127,95.6521739130435,93.93939393939394,102.49999999999999,77.51479289940829,72.0183486238532,52.05257141998222,76.95380304075957,84.0110471744205,70.106532897378,1.354741463414634,51.74901247997095,60.23241524157825,64.0031815219015,65.97618587409222,64.0031815219015
Rob Dillingham,CHI,6889320,84016.09756097561,0.469,-2.0,6.3,2.2,0.3,1.7,0.7999999999999999,0.9,65.0,14.9,7.7,69.27621861152141,-42.5531914893617,26.359832635983267,33.84615384615385,10.714285714285715,26.984126984126984,34.78260869565217,27.272727272727277,81.25,44.082840236686394,35.321100917431195,19.528659863716506,29.679820984168813,53.551313718039204,33.18685080096709,0.8401609756097561,39.50058591674217,36.20635374308913,34.966912863853615,34.36319541268514,34.966912863853615
Robert Williams,POR,13968254,170344.56097560975,0.722,2.4,6.7,1.0,2.4,4.6,2.1,2.0,59.0,17.1,22.1,106.64697193500739,51.06382978723404,28.03347280334728,15.384615384615385,85.71428571428572,73.01587301587301,91.30434782608697,60.60606060606061,73.75,50.591715976331365,101.37614678899082,57.36863512489797,74.97542714934019,75.23928758844073,68.71614015227115,1.7034456097560975,40.339497638618504,52.6495448547043,58.56798402733511,61.772204785136495,58.56798402733511
Ron Harper Jr.,BOS,3150752,38423.80487804878,0.55,0.4,4.2,0.8,0.5,1.1,0.6,0.4,29.0,11.0,13.1,81.24076809453472,8.51063829787234,17.573221757322177,12.307692307692308,17.857142857142858,17.460317460317462,26.08695652173913,12.121212121212123,36.25,32.544378698224854,60.09174311926605,27.497892662912882,18.556162034422908,42.9620406058303,29.096948632101515,0.3842380487804878,75.7263595431289,46.94045157135231,38.76745905570883,35.2311949611296,38.76745905570883
Ron Holland,DET,9069600,110604.87804878049,0.525,-0.1,8.2,1.2,1.1,3.0,1.5,2.9,78.0,19.9,11.7,77.5480059084195,-2.127659574468085,34.30962343096235,18.46153846153846,39.28571428571429,47.61904761904762,65.21739130434783,87.87878787878788,97.5,58.875739644970416,53.669724770642205,33.4954445024333,66.90507560072778,70.0151548052042,55.8106321666847,1.106048780487805,50.459467205479235,53.06764328224772,54.14827893328068,54.69682097980803,54.14827893328068
Royce O'Neale,CHO,10875000,132621.9512195122,0.596,1.9,9.8,2.7,0.8,4.0,1.5,2.7,78.0,28.4,11.6,88.03545051698669,40.42553191489361,41.00418410041841,41.53846153846154,28.571428571428577,63.49206349206349,65.21739130434783,81.81818181818183,97.5,84.02366863905326,53.21100917431192,47.91501132843777,70.17587887153104,78.24489260445506,64.58267067589466,1.3262195121951221,48.69681834872056,56.08003728938921,59.337791248249644,61.036963182537605,59.337791248249644
Rudy Gobert,MIN,36500000,445121.9512195122,0.664,4.8,10.9,1.7,3.9,7.5,2.4000000000000004,4.0,76.0,31.3,17.5,98.07976366322009,102.12765957446808,45.60669456066946,26.153846153846157,115.0,115.0,104.34782608695654,115.0,95.0,92.603550295858,80.27522935779817,77.39359279044075,111.44927536231886,89.29292655121871,92.54232499311269,4.451219512195122,20.790330546397918,43.86325941079839,59.12847834635214,68.6506421469874,59.12847834635214
Rui Hachimura,LAC,14000000,170731.70731707316,0.62,2.1,11.5,0.8,0.6,2.7,0.8999999999999999,1.1,68.0,28.3,11.6,91.5805022156573,44.680851063829785,48.11715481171549,12.307692307692308,21.42857142857143,42.85714285714286,39.130434782608695,33.333333333333336,85.0,83.72781065088758,53.21100917431192,43.622954365493264,38.44030365769496,73.97960660839983,50.96784879771381,1.7073170731707317,29.852597152946664,39.00670016690014,43.41122575433538,45.79662429840001,43.41122575433538
Ryan Dunn,PHO,2784240,33954.14634146341,0.532,0.7,5.8,1.5,1.4,2.8,1.3,1.9,70.0,19.4,11.7,78.58197932053176,14.893617021276595,24.267782426778243,23.076923076923077,50.0,44.44444444444444,56.52173913043479,57.57575757575758,87.5,57.396449704142015,53.669724770642205,38.16406036910193,52.84731371687894,66.18872482492807,51.56376584409396,0.33954146341463415,151.86294282158522,88.49081999872783,71.29790728031823,63.99795023192585,71.29790728031823
Ryan Kalkbrenner,CHO,2411090,29403.536585365855,0.762,3.6,7.6,0.8,2.4,3.0,2.0,2.1,69.0,21.4,17.9,112.55539143279172,76.59574468085107,31.799163179916317,12.307692307692308,85.71428571428572,47.61904761904762,86.95652173913044,63.63636363636365,86.25,63.31360946745562,82.11009174311926,63.79445546310743,66.0706443315139,77.22456707019163,68.5973931604909,0.2940353658536585,233.2964028369017,126.50503969538609,99.03477999223416,87.62493283115678,99.03477999223416
Ryan Nembhard,ATL,2150917,26230.69512195122,0.492,0.1,6.6,5.3,0.2,2.0,0.4,0.7,60.0,19.5,10.9,72.67355982274741,2.127659574468085,27.615062761506277,81.53846153846153,7.142857142857144,31.746031746031743,17.39130434782609,21.21212121212121,75.0,57.6923076923077,50.0,38.21952016800809,23.449819101993015,60.897435897435905,40.001196524391304,0.2623069512195122,152.49766099761575,78.10306592622103,59.762676912441336,52.27704397929776,59.762676912441336
Ryan Rollins,MIL,4000000,48780.48780487805,0.583,1.7,17.3,5.6,0.7,3.8,1.9,1.8,74.0,32.1,16.2,86.11521418020678,36.170212765957444,72.38493723849373,86.15384615384615,25.0,60.317460317460316,82.6086956521739,54.545454545454554,92.5,94.97041420118344,74.31192660550458,61.16484206770082,65.82387017169627,87.260780268896,70.57769308341783,0.48780487804878053,144.68427082100652,101.05187806272134,87.53739474014994,81.47384848023745,87.53739474014994
Saddiq Bey,NOP,6440678,78544.85365853658,0.579,4.5,17.7,2.5,1.7,3.9,1.0,1.0,72.0,31.2,17.1,85.52437223042834,95.74468085106382,74.05857740585773,38.46153846153847,60.71428571428572,61.904761904761905,43.47826086956522,30.303030303030305,90.0,92.3076923076923,78.44036697247707,70.90069093263482,45.22868435911914,86.91601976005647,66.97680734586598,0.7854485365853658,85.27205058785752,75.57281061473016,72.00938822321667,70.29118982983485,72.00938822321667
Sam Hauser,BOS,10848215,132295.30487804877,0.59,2.9,9.2,1.5,0.7,3.1,0.8,2.1,78.0,24.8,11.9,87.14918759231904,61.702127659574465,38.49372384937239,23.076923076923077,25.0,49.20634920634921,34.78260869565218,63.63636363636365,97.5,73.37278106508876,54.58715596330275,47.084392435637795,49.20844051278834,75.15331234279716,56.22724475401679,1.3229530487804877,42.50131537611835,48.88488377832828,51.69915839291272,53.16648104957419,51.69915839291272
Sam Merrill,CLE,9160715,111716.03658536586,0.644,2.8,12.8,2.4,0.5,2.0,0.7,0.9,52.0,26.5,13.6,95.12555391432791,59.57446808510638,53.55648535564854,36.92307692307692,17.857142857142858,31.746031746031743,30.434782608695656,27.272727272727277,65.0,78.40236686390534,62.38532110091742,52.60734542706051,29.817847209151562,68.59589598827425,49.65548120133559,1.1171603658536586,44.447943839640445,46.97961302274941,48.032206648986815,48.567314600907714,48.032206648986815
Sandro Mamukelashvili,LAL,13000000,158536.58536585365,0.637,3.6,11.2,1.9,1.4,3.6,1.3,2.5,80.0,21.9,18.1,94.09158050221565,76.59574468085107,46.86192468619247,29.230769230769226,50.0,57.14285714285715,56.52173913043479,75.75757575757575,100.0,64.79289940828401,83.02752293577981,59.35600382000568,63.14072401028923,82.60680744802129,67.61804977310678,1.5853658536585364,42.651385241498126,53.70291882338959,58.887591328862484,61.66471672583546,58.887591328862484
Santi Aldama,DAL,17007043,207402.96341463414,0.572,1.3,14.0,2.9,1.6,5.1,1.6,1.0,43.0,27.9,16.3,84.4903988183161,27.659574468085108,58.577405857740594,44.61538461538461,57.14285714285715,80.95238095238095,69.56521739130436,30.303030303030305,53.75,82.54437869822485,74.77064220183486,54.49712418047672,60.27354288223854,70.35500696668657,61.2184713749387,2.0740296341463416,29.5166811346627,42.508423860754256,49.18560229539767,52.907773979964965,49.18560229539767
Scoot Henderson,POR,13585523,165677.10975609755,0.553,0.3,14.2,3.7,0.6,2.1,1.2,0.7,30.0,24.9,12.9,81.68389955686854,6.382978723404255,59.41422594142259,56.92307692307692,21.42857142857143,33.333333333333336,52.17391304347826,21.21212121212121,37.5,73.66863905325444,59.174311926605505,45.16655051466874,35.57312252964427,56.780983659953314,45.389114943345795,1.6567710975609755,27.3961291394844,35.26309763073577,39.00973153260487,41.02978228091932,39.00973153260487
Scottie Barnes,TOR,41754690,509203.53658536583,0.577,3.3,18.1,5.9,1.9,5.6,2.9,4.5,80.0,33.5,19.2,85.22895125553913,70.2127659574468,75.73221757322177,90.76923076923077,67.85714285714286,88.88888888888889,115.0,115.0,100.0,99.11242603550296,88.07339449541284,77.96006168251627,106.2962962962963,95.7286068436386,92.92494499953818,5.092035365853659,18.249076906000575,41.18002510662719,57.02494687088685,67.10486862490295,57.02494687088685
Scotty Pippen Jr.,MEM,2461462,30017.829268292684,0.537,-0.1,11.4,4.7,0.8,1.4,2.3,0.2,10.0,21.2,14.7,79.3205317577548,-2.127659574468085,47.69874476987448,72.3076923076923,28.571428571428577,22.22222222222222,100.0,6.060606060606061,12.5,62.721893491124256,67.43119266055045,45.154147566456416,42.76094276094276,47.5510287172249,45.05952227781232,0.30017829268292684,150.10919635487406,82.24262080732198,64.65063547329267,57.32059982587606,64.65063547329267
Shaedon Sharpe,POR,20089287,244991.30487804877,0.546,-0.4,20.8,2.6,1.0,3.3,1.5,1.6,50.0,29.4,15.3,80.64992614475628,-8.51063829787234,87.02928870292888,40.0,35.714285714285715,52.38095238095239,65.21739130434783,48.48484848484849,62.5,86.98224852071006,70.18348623853211,46.97657245281971,55.36106405671624,73.22191158641407,57.700901338222835,2.4499130487804877,23.552224176668254,36.86440781449827,44.099878811705885,48.23390937826693,44.099878811705885
Shai Gilgeous-Alexander,OKC,40806150,497635.9756097561,0.665,11.1,31.1,6.6,0.6,3.7,2.2,4.1,68.0,33.2,30.8,98.22747415066469,115.0,115.0,101.53846153846153,21.42857142857143,58.730158730158735,95.6521739130435,115.0,85.0,98.22485207100593,115.0,90.23890142353955,89.79411088106741,99.40828402366863,92.83848741913775,4.976359756097561,18.655903505646318,41.617134246624836,57.36599427943926,67.35125648402887,57.36599427943926
Sidy Cissoko,POR,2497812,30461.121951219513,0.514,0.0,5.1,1.5,0.8,1.4,1.0,1.3,75.0,19.1,7.1,75.9231905465288,0.0,21.338912133891213,23.076923076923077,28.571428571428577,22.22222222222222,43.47826086956522,39.3939393939394,93.75,56.50887573964498,32.56880733944954,29.782090865754334,35.03147416190895,60.942561026364835,40.91502223463006,0.3046112195121951,134.3188287685248,74.13270442654618,58.44656915454586,51.895967441734484,58.44656915454586
Simone Fontecchio,MIA,2449421,29870.98780487805,0.579,1.4,8.5,1.4,0.8,2.2,0.6,1.2,70.0,16.8,13.8,85.52437223042834,29.78723404255319,35.56485355648536,21.538461538461537,28.571428571428577,34.920634920634924,26.08695652173913,36.36363636363637,87.5,49.70414201183432,63.30275229357798,40.19726998787141,32.4570759353368,66.83563143513744,45.55711244418946,0.29870987804878046,152.5129089863905,83.35495032620092,65.46080081382733,58.010455075099415,65.46080081382733
Sion James,CHO,2411090,29403.536585365855,0.531,1.1,5.4,2.0,0.6,2.9,0.8,1.9,82.0,22.5,8.3,78.43426883308715,23.404255319148938,22.59414225941423,30.76923076923077,21.42857142857143,46.03174603174603,34.78260869565218,57.57575757575758,102.49999999999999,66.56804733727812,38.07339449541284,35.3260937218905,46.13003743438526,69.04714727756364,49.11575065084066,0.2940353658536585,167.040282750496,90.57764004553928,70.90892723108587,62.73947381152872,70.90892723108587
Spencer Jones,DEN,6000000,73170.73170731707,0.619,1.5,5.5,0.8,1.2,2.1,1.3,1.2,64.0,22.1,9.3,91.43279172821269,31.914893617021274,23.012552301255234,12.307692307692308,42.85714285714286,33.333333333333336,56.52173913043479,36.36363636363637,80.0,65.3846153846154,42.6605504587156,40.30501456226487,42.07290294246817,62.681721947777,47.61910882718763,0.7317073170731707,65.07944873048976,55.668890338415856,52.29739348894561,50.689007051071,52.29739348894561
Stephen Curry,GSW,62587158,763258.0243902439,0.637,2.9,26.6,4.7,0.4,3.2,1.5,1.2,43.0,30.9,22.6,94.09158050221565,61.702127659574465,111.29707112970712,72.3076923076923,14.285714285714288,50.793650793650805,65.21739130434783,36.36363636363637,53.75,91.42011834319527,103.6697247706422,70.73683717698077,50.791559487211664,82.94661437127915,67.61837592074879,7.6325802439024395,8.859176551044865,24.475357614891646,36.75050589997646,45.03295645787464,36.75050589997646
Stephon Castle,SAS,10015920,122145.36585365854,0.575,2.8,16.7,7.4,1.4,3.9,1.4000000000000001,2.9,68.0,30.0,17.4,84.93353028064992,59.57446808510638,69.8744769874477,113.84615384615384,50.0,61.904761904761905,60.86956521739132,87.87878787878788,85.0,88.75739644970415,79.81651376146787,75.64572583987156,70.2177050003137,84.52463673705734,76.46387202357762,1.2214536585365854,62.60071472149703,69.18593093287853,72.01006250766272,73.46506841485888,72.01006250766272
Steven Adams,HOU,13000000,158536.58536585365,0.535,1.1,5.8,1.5,4.5,4.1,1.2999999999999998,1.0,32.0,22.8,15.8,79.02511078286558,23.404255319148938,24.267782426778243,23.076923076923077,115.0,65.07936507936508,56.52173913043478,30.303030303030305,40.0,67.45562130177515,72.47706422018348,52.95481432114316,50.634711504276716,59.977561840652875,54.27280361926148,1.5853658536585364,34.23361459061109,43.10399333998789,47.26540754320599,49.49443339949331,47.26540754320599
Svi Mykhailiuk,UTA,3850000,46951.21951219512,0.626,1.3,9.4,1.9,0.7,1.8,0.6,-0.2,50.0,23.1,11.4,92.46676514032495,27.659574468085108,39.33054393305439,29.230769230769226,25.0,28.571428571428577,26.08695652173913,-6.060606060606061,62.5,68.34319526627219,52.293577981651374,42.737530554446735,16.199259677520548,61.04559108264118,39.20693661475016,0.46951219512195125,83.50568317946788,57.21889571976032,49.189096711843085,45.60721313490824,49.189096711843085
T.J. McConnell,IND,11000000,134146.34146341463,0.567,1.8,9.4,5.1,0.4,1.8,1.2,0.8,56.0,17.2,20.5,83.75184638109305,38.297872340425535,39.33054393305439,78.46153846153847,14.285714285714288,28.571428571428577,52.17391304347826,24.242424242424246,70.0,50.887573964497044,94.03669724770643,50.82550308036515,34.995921952443695,71.64142373740115,51.688221693982655,1.3414634146341464,38.531219808241616,44.62746051018328,47.32797696263448,48.73891132745785,47.32797696263448
Taelon Peter,SAS,2185116,26647.756097560974,0.518,-0.4,4.5,1.1,0.3,1.3,0.7999999999999999,0.4,38.0,12.9,8.6,76.51403249630724,-8.51063829787234,18.82845188284519,16.923076923076923,10.714285714285715,20.634920634920636,34.78260869565217,12.121212121212123,47.5,38.16568047337279,39.449541284403665,22.893841743728547,22.512913817261644,41.705073919258815,28.407695901388877,0.26647756097560976,106.60445779143477,55.03078246464904,42.24135266766191,37.00870437958358,42.24135266766191
Tari Eason,HOU,14051724,171362.48780487804,0.514,0.6,10.5,1.5,2.1,4.2,1.7,2.3,60.0,25.8,12.9,75.9231905465288,12.76595744680851,43.93305439330544,23.076923076923077,75.00000000000001,66.66666666666667,73.91304347826087,69.69696969696969,75.0,76.33136094674558,59.174311926605505,46.13982509271317,70.09222661396575,70.16855762445036,61.4922613694602,1.7136248780487804,35.88431876612248,46.97454532650028,52.317349890267515,55.212487348600675,52.317349890267515
Taurean Prince,DET,3815861,46534.89024390244,0.617,0.2,9.2,1.8,0.2,3.0,0.8,0.3,26.0,23.5,10.5,91.13737075332348,4.25531914893617,38.49372384937239,27.692307692307693,7.142857142857144,47.61904761904762,34.78260869565218,9.090909090909092,32.5,69.52662721893492,48.1651376146789,33.74431571735938,30.497521801869635,50.06392161120461,37.536287554246435,0.4653489024390244,80.66267559138574,55.02524316977754,47.219100449648366,43.74169204187975,47.219100449648366
Taylor Hendricks,MEM,7805900,95193.90243902439,0.566,0.4,7.4,0.9,1.1,2.6,1.3,0.8,59.0,18.9,12.2,83.60413589364843,8.51063829787234,30.962343096234314,13.846153846153847,39.28571428571429,41.26984126984127,56.52173913043479,24.242424242424246,73.75,55.917159763313606,55.96330275229357,35.241797083924645,40.67800154756677,61.87682083853573,45.08061372794629,0.9519390243902439,47.35661904061794,46.20460421247653,45.75168365059957,45.526891007168395,45.75168365059957
Terance Mann,BRK,15500000,189024.39024390245,0.564,1.2,7.2,3.0,1.1,2.1,0.8999999999999999,0.6,63.0,24.3,10.2,83.30871491875922,25.53191489361702,30.125523012552303,46.15384615384615,39.28571428571429,33.333333333333336,39.130434782608695,18.181818181818183,78.75,71.89349112426036,46.78899082568807,44.8811426528978,30.21519543258674,65.81082731664948,46.17362599711754,1.8902439024390245,24.427337624281535,33.5842038995849,38.1450885262478,40.65279516138292,38.1450885262478
Terrence Shannon Jr.,MIN,2801640,34166.34146341463,0.597,0.6,5.6,0.9,0.2,0.9,0.3,0.4,43.0,12.5,11.1,88.18316100443131,12.76595744680851,23.430962343096233,13.846153846153847,7.142857142857144,14.285714285714288,13.043478260869565,12.121212121212123,53.75,36.982248520710066,50.917431192660544,29.07381835666941,13.150134889265326,47.21655990445688,29.102588442088262,0.34166341463414635,85.1791183824916,49.788882555702806,40.16539798795592,36.07546372239564,40.16539798795592
Thomas Bryant,CLE,2449421,29870.98780487805,0.625,1.4,6.2,0.6,1.0,2.4,0.7,0.9,60.0,12.2,17.2,92.31905465288035,29.78723404255319,25.94142259414226,9.23076923076923,35.714285714285715,38.095238095238095,30.434782608695656,27.272727272727277,75.0,36.09467455621302,78.89908256880733,38.59855324692615,31.93424932555368,63.331252375006784,43.7524996520837,0.29870987804878046,146.47155272494453,80.05308588454473,62.86776117210644,55.712539257176395,62.86776117210644
Tidjane Salaün,CHO,8237880,100461.9512195122,0.629,0.6,6.0,0.7,0.7,3.3,0.6000000000000001,0.8,37.0,15.5,12.9,92.90989660265878,12.76595744680851,25.10460251046025,10.769230769230768,25.0,52.38095238095239,26.086956521739136,24.242424242424246,46.25,45.85798816568048,59.174311926605505,33.30993746583166,34.23677771503859,50.42743336409533,38.76031192004112,1.004619512195122,38.58208152392814,38.67109404182807,38.70675652336816,38.72460009522049,38.70675652336816
Tim Hardaway Jr.,MIA,6500000,79268.29268292683,0.624,3.5,13.5,1.4,0.2,2.4,0.6,1.0,80.0,26.6,13.5,92.17134416543574,74.46808510638297,56.485355648535574,21.538461538461537,7.142857142857144,38.095238095238095,26.08695652173913,30.303030303030305,100.0,78.69822485207102,61.92660550458715,50.36122072033459,31.495074973335846,80.20827678555271,52.90084798592046,0.7926829268292682,66.73645438223812,59.41729570078138,56.719550762481056,55.416964439018564,56.719550762481056
Tobias Harris,SAS,15044000,183463.41463414635,0.574,2.6,13.3,2.5,0.9,4.3,1.3,2.7,63.0,27.7,15.0,84.7858197932053,55.319148936170215,55.64853556485356,38.46153846153847,32.142857142857146,68.25396825396825,56.52173913043479,81.81818181818183,78.75,81.9526627218935,68.80733944954129,53.27157997972493,68.86462973419496,76.50333405714493,65.54274311947074,1.8346341463414635,35.72523887128823,48.389359927804115,54.63359412827988,58.05167018696985,54.63359412827988
Tolu Smith,DET,2411090,29403.536585365855,0.569,0.3,3.7,0.9,1.5,1.8,0.5,0.2,15.0,9.1,16.9,84.04726735598226,6.382978723404255,15.481171548117157,13.846153846153847,53.57142857142857,28.571428571428577,21.73913043478261,6.060606060606061,18.75,26.923076923076923,77.5229357798165,34.66580000901722,18.79038835560575,41.06533756763114,31.188021314441492,0.2940353658536585,106.06894590347945,57.51591558549736,45.026475307049694,39.83895228235325,45.026475307049694
Toumani Camara,POR,18080358,220492.17073170733,0.578,2.1,13.4,2.5,1.6,3.6,1.5,2.7,82.0,33.3,11.3,85.37666174298374,44.680851063829785,56.06694560669456,38.46153846153847,57.14285714285715,57.14285714285715,65.21739130434783,81.81818181818183,102.49999999999999,98.5207100591716,51.8348623853211,56.34577080358074,68.05947675512893,84.2851908148309,68.71025683048217,2.2049217073170735,31.16222068224278,46.27271535673117,54.200540813899835,58.660118675225995,54.200540813899835
Trae Young,WAS,49488300,603515.8536585366,0.612,1.2,17.9,8.0,0.3,1.7,1.0,0.2,15.0,25.6,21.1,90.39881831610043,25.53191489361702,74.89539748953975,115.0,10.714285714285715,26.984126984126984,43.47826086956522,6.060606060606061,18.75,75.7396449704142,96.78899082568807,63.30808328270858,25.507664638099424,63.75954526536742,50.59137953833911,6.0351585365853655,8.382775569465524,20.59359561658787,29.503253925015237,35.31333915051662,29.503253925015237
Trayce Jackson-Davis,TOR,2406205,29343.963414634145,0.578,0.8,3.4,0.7,1.2,1.5,0.8,0.7,53.0,9.4,16.6,85.37666174298374,17.02127659574468,14.225941422594143,10.769230769230768,42.85714285714286,23.80952380952381,34.78260869565218,21.21212121212121,66.25,27.810650887573967,76.14678899082568,34.05005067753924,26.601417905765732,56.73581329279989,38.32324431971445,0.29343963414634144,130.60009576144114,70.74616157816487,55.36134543552477,48.97320347822049,55.36134543552477
Tre Johnson,WAS,8649600,105482.9268292683,0.535,-0.6,12.2,2.0,0.5,2.4,0.8999999999999999,-0.1,60.0,24.1,10.6,79.02511078286558,-12.76595744680851,51.04602510460251,30.76923076923077,17.857142857142858,38.095238095238095,39.130434782608695,-3.0303030303030307,75.0,71.301775147929,48.62385321100917,33.186310413406645,24.731789949181252,64.97520945297939,39.84844316744183,1.054829268292683,37.7771496916647,38.798976823058666,39.21540523590876,39.42529252439887,39.21540523590876
Tre Jones,CHI,8000000,97560.9756097561,0.637,4.6,14.1,5.4,0.6,2.6,1.4,1.1,65.0,27.0,18.7,94.09158050221565,97.8723404255319,58.995815899581594,83.07692307692308,21.42857142857143,41.26984126984127,60.86956521739131,33.333333333333336,81.25,79.88165680473374,85.77981651376146,71.09304626656474,45.15757994018864,82.3038244394984,65.63822116747697,0.9756097560975611,67.27917669666388,66.45363406151229,66.12626032992398,65.96317874546801,66.12626032992398
Tre Mann,CHO,8000000,97560.9756097561,0.462,-0.8,5.5,1.6,0.4,1.4,0.6,0.7,53.0,12.6,8.3,68.24224519940915,-17.02127659574468,23.012552301255234,24.615384615384617,14.285714285714288,22.22222222222222,26.08695652173913,21.21212121212121,66.25,37.278106508875744,38.07339449541284,22.626923961203723,23.173766652027524,47.200500334762864,30.18492338815156,0.9756097560975611,30.939546472855348,30.559905758154645,30.40935702554848,30.334361008818206,30.40935702554848
Trendon Watford,PHI,2801346,34162.756097560974,0.573,0.6,6.5,2.5,0.7,2.6,0.7,0.8,53.0,16.3,13.1,84.63810930576071,12.76595744680851,27.196652719665277,38.46153846153847,25.0,41.26984126984127,30.434782608695656,24.242424242424246,66.25,48.22485207100593,60.09174311926605,37.612451586754595,31.982349373653722,58.188865063424,41.871140877301116,0.34162756097560976,122.56370872925699,71.6371573601802,57.78949832184468,51.904404692567795,57.78949832184468
Trey Murphy III,NOP,27000000,329268.2926829268,0.613,4.5,21.5,3.8,1.0,4.8,1.9,1.6,66.0,35.5,18.3,90.54652880354504,95.74468085106382,89.95815899581591,58.46153846153845,35.714285714285715,76.19047619047619,82.6086956521739,48.48484848484849,82.5,105.02958579881658,83.94495412844036,74.08503856524979,69.09467344249953,90.49151330908565,77.31025684666545,3.292682926829268,23.479411338616917,42.60515604004969,54.07196378821432,60.91540468826899,54.07196378821432
Tristan Da Silva,ORL,3991200,48673.170731707316,0.576,1.3,9.9,1.6,0.8,2.9,1.2,2.1,77.0,24.7,12.0,85.08124076809452,27.659574468085108,41.42259414225941,24.615384615384617,28.571428571428577,46.03174603174603,52.17391304347826,63.63636363636365,96.25,73.07692307692308,55.04587155963303,41.470044513050446,53.947340903862646,74.79093154551872,55.70859139566707,0.48673170731707316,114.45441206766637,79.85044818477184,69.1409409772169,64.33751013241412,69.1409409772169
Ty Jerome,MEM,9220050,112439.63414634146,0.616,1.1,19.7,5.7,0.7,2.1,1.4000000000000001,0.2,15.0,22.6,25.6,90.98966026587887,23.404255319148938,82.42677824267783,87.6923076923077,25.0,33.333333333333336,60.86956521739132,6.060606060606061,18.75,66.8639053254438,115.0,61.90260030400266,33.42116820377691,66.87130177514793,53.70952383126948,1.1243963414634146,47.767430265173154,50.65141591491614,51.853189483299516,52.464726997090835,51.853189483299516
Tyler Herro,MIL,33000000,402439.0243902439,0.602,1.4,20.5,4.1,0.4,4.4,1.1,1.0,33.0,31.3,17.1,88.92171344165435,29.78723404255319,85.77405857740587,63.07692307692307,14.285714285714288,69.84126984126985,47.82608695652175,30.303030303030305,41.25,92.603550295858,78.44036697247707,56.36912868485016,49.32346236694064,70.76463908944503,58.29225525813939,4.024390243902439,14.48474221565888,29.057671802529793,38.38847250944563,44.123590004877926,38.38847250944563
Tyler Kolek,NYK,2296271,28003.30487804878,0.533,0.6,4.4,2.7,0.3,1.3,0.5,0.8,62.0,11.7,12.5,78.72968980797637,12.76595744680851,18.410041841004187,41.53846153846154,10.714285714285715,20.634920634920636,21.73913043478261,24.242424242424246,77.5,34.61538461538461,57.3394495412844,32.43168726970727,22.205491770709163,56.48494471888967,36.17075803480263,0.2800330487804878,129.16603305332063,68.35227375798833,52.990110337033975,46.65688634169337,52.990110337033975
Tyrese Maxey,PHI,40770520,497201.46341463417,0.588,5.9,28.3,6.6,0.3,3.8,2.7,2.8,70.0,38.0,21.9,86.85376661742983,115.0,115.0,101.53846153846153,10.714285714285715,60.317460317460316,115.0,84.84848484848484,87.5,112.4260355029586,100.45871559633026,85.82130277403542,86.7219817219817,100.12825036642961,90.41961789405542,4.972014634146341,18.185710330190894,40.550523784383316,55.88598990158466,65.60790767855362,55.88598990158466
Tyrese Proctor,CLE,2150917,26230.69512195122,0.556,0.2,5.4,1.5,0.2,1.1,0.5,0.5,50.0,10.9,12.2,82.12703101920236,4.25531914893617,22.59414225941423,23.076923076923077,7.142857142857144,17.460317460317462,21.73913043478261,15.151515151515152,62.5,32.248520710059175,55.96330275229357,27.839254529466594,18.116987682205075,50.23727448745092,31.253089788792973,0.2623069512195122,119.14701323579774,61.02222793970154,46.69281096189849,40.84425695569949,46.69281096189849
Tyus Jones,DEN,2449421,29870.98780487805,0.448,0.2,3.0,2.4,0.2,1.0,0.6,0.8,67.0,14.6,8.3,66.17429837518463,4.25531914893617,12.552301255230125,36.92307692307692,7.142857142857144,15.873015873015872,26.08695652173913,24.242424242424246,83.75,43.19526627218935,38.07339449541284,25.409570569056996,22.067465545726417,55.00622025586739,33.15224976716772,0.29870987804878046,110.98477888887835,60.65801768998042,47.63631191940508,42.214639878960284,47.63631191940508
VJ Edgecombe,PHI,11663880,142242.43902439025,0.54,1.9,16.0,4.2,1.6,4.0,1.9,2.5,75.0,35.0,14.0,79.76366322008862,40.42553191489361,66.94560669456068,64.61538461538461,57.14285714285715,63.49206349206349,82.6086956521739,75.75757575757575,93.75,103.55029585798819,64.22018348623853,61.778608717556935,73.95277830060438,87.17349311474224,73.53629169494866,1.4224243902439024,51.69785627926376,61.657672996598514,66.15961483980936,68.53239151539613,66.15961483980936
Victor Wembanyama,SAS,16868246,205710.31707317074,0.626,5.0,25.0,3.1,2.0,9.5,4.1,5.0,64.0,29.2,29.9,92.46676514032495,106.38297872340425,104.60251046025104,47.69230769230769,71.42857142857143,115.0,115.0,115.0,80.0,86.3905325443787,115.0,84.51462668897187,115.0,93.79684418145956,97.66431886246775,2.0571031707317076,47.47662647747937,68.09384984571531,78.66093484071624,84.54437361279123,78.66093484071624
Vít Krejčí,POR,2667944,32535.90243902439,0.609,1.5,8.5,1.5,0.5,1.8,1.0,1.3,65.0,21.4,11.1,89.95568685376661,31.914893617021274,35.56485355648536,23.076923076923077,17.857142857142858,28.571428571428577,43.47826086956522,39.3939393939394,81.25,63.31360946745562,50.917431192660544,39.673899992267835,37.14787627831107,65.16034688670538,46.4609859978538,0.3253590243902439,142.79913115957498,81.45298296140358,65.06981395887153,58.15885539868272,65.06981395887153
Walker Kessler,LAL,30232558,368689.73170731706,0.786,0.3,14.4,3.0,4.6,6.2,3.2,0.1,5.0,30.8,20.6,115.0,6.382978723404255,60.25104602510461,46.15384615384615,115.0,98.41269841269842,115.0,3.0303030303030307,6.25,91.12426035502959,94.4954128440367,68.55757418047101,72.14766714766715,63.956557733022095,68.39790085508302,3.6868973170731705,18.551615348316897,35.62150400103589,46.24283598057589,52.687860666573535,46.24283598057589
Walter Clayton,MEM,4190520,51103.90243902439,0.523,0.0,7.8,4.0,0.4,1.7,0.8999999999999999,0.3,69.0,20.4,10.3,77.25258493353027,0.0,32.63598326359833,61.53846153846154,14.285714285714288,26.984126984126984,39.130434782608695,9.090909090909092,86.25,60.35502958579882,47.24770642201835,37.14254880426088,25.06849028588159,64.61757866927239,41.279877867515374,0.5110390243902438,80.776371074145,57.74459916322744,50.489629534504324,47.21147734581136,50.489629534504324
Wendell Carter Jr.,ORL,18102000,220756.0975609756,0.617,3.4,11.8,2.0,2.1,5.3,1.4,2.8,78.0,29.3,14.1,91.13737075332348,72.34042553191489,49.3723849372385,30.76923076923077,75.00000000000001,84.12698412698413,60.86956521739131,84.84848484848484,97.5,86.6863905325444,64.6788990825688,63.72388239834153,76.6150113976201,82.95509653837108,73.87623050010511,2.207560975609756,33.46509170814617,49.72197531009968,58.25469264108181,63.05538562466005,58.25469264108181
Will Richard,GSW,2150917,26230.69512195122,0.596,1.2,6.4,1.3,1.0,1.5,1.3,1.4,69.0,20.0,11.0,88.03545051698669,25.53191489361702,26.77824267782427,20.0,35.714285714285715,23.80952380952381,56.52173913043479,42.42424242424242,86.25,59.171597633136095,50.45871559633027,39.21197876054274,40.91850178806701,65.29343774315545,47.61663428468481,0.2623069512195122,181.5302036919209,92.97234707601253,71.14031023242742,62.229560636486084,71.14031023242742
Will Riley,WAS,3688320,44979.51219512195,0.548,0.4,10.3,2.0,0.8,2.1,0.7999999999999999,0.0,74.0,22.1,12.1,80.94534711964549,8.51063829787234,43.09623430962344,30.76923076923077,28.571428571428577,33.333333333333336,34.78260869565217,0.0,92.5,65.3846153846154,55.5045871559633,38.378575813560126,22.705314009661834,71.1297341801929,42.875014310224536,0.44979512195121946,95.32120785177025,63.928852255554666,54.487873078330516,50.30386213374137,54.487873078330516
Yang Hansen,POR,4643520,56628.29268292683,0.413,-0.8,2.2,0.5,0.5,1.1,0.30000000000000004,0.3,43.0,7.0,3.7,61.00443131462333,-17.02127659574468,9.205020920502093,7.6923076923076925,17.857142857142858,17.460317460317462,13.043478260869568,9.090909090909092,53.75,20.710059171597635,16.972477064220186,15.74752523776626,13.198234937365376,30.47751207860594,19.29976258788186,0.5662829268292683,34.08148413716992,25.646920916360333,22.889796216034235,21.624460092362217,22.889796216034235
Yanic Konan Niederhäuser,LAC,2880960,35133.65853658537,0.691,0.8,4.3,0.3,0.9,2.0,0.7999999999999999,0.5,41.0,10.3,16.4,102.0679468242245,17.02127659574468,17.99163179916318,4.615384615384615,32.142857142857146,31.746031746031743,34.78260869565217,15.151515151515152,51.24999999999999,30.473372781065095,75.22935779816513,34.767819395474824,27.226718531066357,52.317576859743404,37.46877234085652,0.35133658536585366,106.64637245745288,63.2131999711017,51.280523600595885,46.18753539066293,51.280523600595885
Yuki Kawamura,LAC,2449421,29870.98780487805,0.514,0.2,3.4,2.6,0.4,1.4,0.5,0.1,18.0,11.6,11.4,75.9231905465288,4.25531914893617,14.225941422594143,40.0,14.285714285714288,22.22222222222222,21.73913043478261,3.0303030303030307,22.5,34.31952662721894,52.293577981651374,29.73803308075468,15.66388522910262,36.371034869623436,26.942723347853605,0.29870987804878046,90.19696142574085,49.29656964242805,38.71387258392512,34.30769771210203,38.71387258392512
Yves Missi,NOP,3512760,42838.53658536585,0.556,1.6,5.7,1.3,2.8,3.1,1.8,1.1,66.0,19.7,15.0,82.12703101920236,34.04255319148936,23.84937238493724,20.0,100.0,49.20634920634921,78.26086956521739,33.333333333333336,82.5,58.28402366863905,68.80733944954129,52.003791319125796,53.600184034966645,69.86378770606012,57.90456375859198,0.4283853658536585,135.16933204103165,88.46988869313788,74.67279480974274,68.60343614564904,74.67279480974274
Zaccharie Risacher,DAL,13826040,168610.24390243902,0.557,0.5,9.6,1.1,1.1,2.8,1.4,1.9,67.0,22.4,11.8,82.27474150664698,10.638297872340425,40.1673640167364,16.923076923076923,39.28571428571429,44.44444444444444,60.86956521739131,57.57575757575758,83.75,66.27218934911244,54.12844036697248,37.857838920903006,54.29658907919778,68.05020990536164,52.504725270060824,1.6861024390243902,31.13970068179311,40.434903601832325,44.88830467106711,47.295693622040496,44.88830467106711
Zach Collins,CHI,8292683,101130.28048780488,0.666,0.4,9.7,1.5,1.6,4.0,0.6000000000000001,0.1,10.0,18.4,17.9,98.3751846381093,8.51063829787234,40.58577405857741,23.076923076923077,57.14285714285715,63.49206349206349,26.086956521739136,3.0303030303030307,12.5,54.437869822485204,82.11009174311926,45.53827544286786,30.869774348035218,49.68265385520149,41.79429859432484,1.0113028048780488,41.32718548067781,41.56008578001848,41.65361299066049,41.700455494348304,41.65361299066049
Zach Edey,MEM,6332760,77228.78048780488,0.669,0.4,13.6,1.1,3.9,7.2,2.5,0.4,11.0,25.8,20.7,98.81831610044313,8.51063829787234,56.903765690376574,16.923076923076923,115.0,114.2857142857143,108.69565217391306,12.121212121212123,13.750000000000002,76.33136094674558,94.95412844036697,59.231159402353796,78.36752619361316,61.678496462370845,66.47172522938709,0.7722878048780488,86.07118331990698,75.6392758281639,71.82955859836791,69.9972721190267,71.82955859836791
Zach LaVine,SAC,48967380,597163.1707317074,0.614,1.3,19.2,2.3,0.2,2.6,1.0,0.0,39.0,31.4,14.7,90.69423929098966,27.659574468085108,80.3347280334728,35.38461538461538,7.142857142857144,41.26984126984127,43.47826086956522,0.0,48.75,92.89940828402368,67.43119266055045,48.24320286400402,28.249367379802163,69.69353364819138,47.8803980346316,5.971631707317074,8.017975719427485,19.59346495335115,28.01107958765079,33.491850890947276,28.01107958765079
Zeke Nnaji,DEN,7466667,91056.91463414633,0.558,0.2,3.7,0.6,0.6,2.0,0.8,0.7,52.0,12.0,10.3,82.42245199409159,4.25531914893617,15.481171548117157,9.23076923076923,21.42857142857143,31.746031746031743,34.78260869565218,21.21212121212121,65.0,35.502958579881664,47.24770642201835,26.56365667009711,29.246920551268374,49.2502216673,34.28193588885621,0.9105691463414634,37.64891005432825,35.92600062305565,35.25911921030489,34.93033512143573,35.25911921030489
Ziaire Williams,LAL,2449421,29870.98780487805,0.579,0.5,10.2,1.1,0.5,1.9,1.7999999999999998,1.1,56.0,22.9,12.4,85.52437223042834,10.638297872340425,42.67782426778243,16.923076923076923,17.857142857142858,30.158730158730158,78.26086956521739,33.333333333333336,70.0,67.75147928994083,56.88073394495413,34.7241428301542,47.2509776857603,64.87740441163166,48.0292451555035,0.29870987804878046,160.78894166218416,87.87816280161411,69.01299669101174,61.15836186495695,69.01299669101174
Zion Williamson,NOP,42166510,514225.73170731706,0.644,5.0,21.0,3.2,2.0,3.7,1.5,1.0,62.0,29.7,22.6,95.12555391432791,106.38297872340425,87.86610878661088,49.23076923076923,71.42857142857143,58.730158730158735,65.21739130434783,30.303030303030305,77.5,87.86982248520711,103.6697247706422,82.00679641673675,51.41686011251229,89.67984908528312,73.90813387386434,5.14225731707317,14.372702359424284,32.592324404827835,45.221617822258516,53.26739712940518,45.221617822258516
